SET FOREIGN_KEY_CHECKS=0;
SET SQL_MODE = "NO_AUTO_VALUE_ON_ZERO";
SET AUTOCOMMIT = 0;
START TRANSACTION;
SET time_zone = "+00:00";

/*!40101 SET @OLD_CHARACTER_SET_CLIENT=@@CHARACTER_SET_CLIENT */;
/*!40101 SET @OLD_CHARACTER_SET_RESULTS=@@CHARACTER_SET_RESULTS */;
/*!40101 SET @OLD_COLLATION_CONNECTION=@@COLLATION_CONNECTION */;
/*!40101 SET NAMES utf8 */;


INSERT IGNORE INTO `card` (`id`, `pack_id`, `type_id`, `faction_id`, `position`, `code`, `name`, `cost`, `text`, `date_creation`, `date_update`, `quantity`, `income`, `claim`, `initiative`, `reserve`, `deck_limit`, `strength`, `traits`, `flavor`, `illustrator`, `is_unique`, `is_loyal`, `is_military`, `is_intrigue`, `is_power`, `octgnid`) VALUES
(444, 1, 6, 1, 1, '01001', 'A Clash of Kings', NULL, '<b>Reaction:</b> After you win a [power] challenge, move 1 power from the losing opponent''s faction card to your own.', '2015-07-09 10:43:53', '2015-08-13 10:10:52', 1, 4, 1, 9, 6, 2, NULL, 'Noble.', NULL, 'Smirtouille', 0, 0, 0, 0, 0, 'de88edda-f5a4-4985-8ac1-2b8205c13416'),
(445, 1, 6, 1, 2, '01002', 'A Feast for Crows', NULL, '<b>Reaction:</b> After you win dominance, gain 2 power for your faction.', '2015-07-09 10:43:53', '2015-08-13 10:10:52', 1, 6, 1, 1, 4, 1, NULL, 'Edict.', NULL, 'Tomasz Jedruszek', 0, 0, 0, 0, 0, '0ed58a09-7482-4632-b88f-309ae5621c2e'),
(446, 1, 6, 1, 3, '01003', 'A Game of Thrones', NULL, 'A player cannot initiate a [military] or [power] challenge unless he or she has won an [intrigue] challenge that phase.', '2015-07-09 10:43:53', '2015-08-13 10:10:52', 1, 4, 1, 2, 6, 1, NULL, 'Scheme.', NULL, 'Tomasz Jedruszek', 0, 0, 0, 0, 0, 'c6d4c560-873d-425e-a05c-7dd2eb57c324'),
(447, 1, 6, 1, 4, '01004', 'A Noble Cause', NULL, 'Reduce the cost of the first <i>Lord</i> or <i>Lady</i> character you marshal this round by 2.', '2015-07-09 10:43:53', '2015-08-23 09:06:08', 1, 5, 1, 0, 6, 2, NULL, 'Kingdom. Noble.', NULL, 'Drazenka Kimpel', 0, 0, 0, 0, 0, '0fb3ad4b-5cf3-49e9-a33f-484ecafeabf8'),
(448, 1, 6, 1, 5, '01005', 'A Storm of Swords', NULL, 'You may initiate an additional [military] challenge during the challenges phase.', '2015-07-09 10:43:53', '2015-08-13 10:10:52', 1, 3, 1, 8, 5, 2, NULL, 'War.', NULL, 'Tomasz Jedruszek', 0, 0, 0, 0, 0, 'a02bce64-e292-487e-a666-cd07b4a11e59'),
(449, 1, 6, 1, 6, '01006', 'Building Orders', NULL, '<b>When Revealed:</b> Search the top 10 cards of your deck for an attachment or a location, reveal it, and add it to your hand. Shuffle your deck.', '2015-07-09 10:43:53', '2015-08-13 10:10:52', 1, 4, 1, 1, 7, 2, NULL, 'Kingdom.', NULL, 'Tomasz Jedruszek', 0, 0, 0, 0, 0, '34e54ffc-9806-49da-a8a0-d38a17f6753d'),
(450, 1, 6, 1, 8, '01008', 'Calm Over Westeros', NULL, '<b>When Revealed:</b> Name a challenge type. Until you reveal a new plot card, reduce the claim value on the attacking player''s revealed plot card by 1 during challenges of that type in which you are the defending player.', '2015-07-09 10:43:53', '2015-08-13 10:10:52', 1, 5, 1, 3, 6, 1, NULL, 'Summer.', NULL, 'Juan Carlos Barquet', 0, 0, 0, 0, 0, '4ee52602-89fa-4048-accc-dffdb78bee69'),
(451, 1, 6, 1, 9, '01009', 'Confiscation', NULL, '<b>When Revealed:</b> Choose an attachment, and discard it from play.', '2015-07-09 10:43:53', '2015-08-13 10:10:52', 1, 4, 1, 5, 6, 2, NULL, 'Edict.', NULL, 'Sebastian Giacobino', 0, 0, 0, 0, 0, '446ac0b9-746f-4aa3-b8bf-f132d2b29499'),
(452, 1, 6, 1, 10, '01010', 'Counting Coppers', NULL, '<b>When Revealed:</b> Draw 3 cards.', '2015-07-09 10:43:53', '2015-08-13 10:10:52', 1, 2, 1, 3, 10, 2, NULL, 'Kingdom.', NULL, 'Antonio José Manzanedo', 0, 0, 0, 0, 0, '1b362220-c8c2-4600-b204-06342e58b09c'),
(453, 1, 6, 1, 11, '01011', 'Filthy Accusations', NULL, '<b>When Revealed:</b> Choose and kneel a character.', '2015-07-09 10:43:53', '2015-08-13 10:10:52', 1, 4, 1, 4, 6, 2, NULL, 'Scheme.', NULL, 'Ryan Barger', 0, 0, 0, 0, 0, 'ac8effb7-76cb-42e4-ab33-d88a407c0dda'),
(454, 1, 6, 1, 12, '01012', 'Fortified Position', NULL, 'Treat each character as if its printed text box were blank (except for <i>Traits</i>).', '2015-07-09 10:43:53', '2015-08-13 10:10:52', 1, 5, 1, 1, 5, 1, NULL, 'Siege. War.', NULL, 'Thomas Denmark', 0, 0, 0, 0, 0, '79877d2a-5b23-4c16-86df-9453c065835b'),
(455, 1, 6, 1, 13, '01013', 'Heads on Spikes', NULL, '<b>When Revealed:</b> Choose an opponent. Discard 1 card at random from that player''s hand. If that card is a character, gain 2 power for your faction and place the discarded character in its owner''s dead pile.', '2015-07-09 10:43:53', '2015-08-13 10:10:52', 1, 4, 1, 6, 6, 2, NULL, 'Edict. War.', NULL, 'Smirtouille', 0, 0, 0, 0, 0, '424194c0-ad9c-473b-b254-40b1274152ba'),
(456, 1, 6, 1, 14, '01014', 'Jousting Contest', NULL, 'Each player cannot declare more than 1 character as an attacker or defender in each challenge.', '2015-07-09 10:43:53', '2015-08-13 10:10:52', 1, 4, 1, 3, 6, 2, NULL, 'War.', NULL, 'John Gravato', 0, 0, 0, 0, 0, '0b94080f-2207-4663-8990-f9370ab77709'),
(457, 1, 6, 1, 16, '01016', 'Marching Orders', NULL, 'You cannot marshal locations or attachments, or play events.', '2015-07-09 10:43:53', '2015-08-13 10:10:52', 1, 9, 1, 3, 4, 2, NULL, 'Edict. War.', NULL, 'Tomasz Jedruszek', 0, 0, 0, 0, 0, 'd526faac-594d-4f40-9da5-42300d44c12e'),
(458, 1, 6, 1, 17, '01017', 'Naval Superiority', NULL, 'Treat the base gold value on each revealed <i>Kingdom</i> and each revealed <i>Edict</i> plot card as if it were 0.', '2015-07-09 10:43:53', '2015-08-13 10:10:52', 1, 2, 1, 7, 6, 1, NULL, 'Siege. War.', NULL, 'Tomasz Jedruszek', 0, 0, 0, 0, 0, '68448806-ca58-496d-b010-2794fd372744'),
(459, 1, 6, 1, 18, '01018', 'Power Behind the Throne', NULL, '<b>When Revealed:</b> Place 1 stand token on Power Behind the Throne.\n<b>Action:</b> Discard 1 stand token from Power Behind the Throne to choose and stand a character.', '2015-07-09 10:43:53', '2015-08-13 10:10:52', 1, 3, 1, 1, 6, 2, NULL, 'Noble. Scheme.', NULL, 'Henning Ludvigsen', 0, 0, 0, 0, 0, '12f6e8de-5627-4e71-90f6-1f79f17be44e'),
(460, 1, 6, 1, 19, '01019', 'Rebuilding', NULL, '<b>When Revealed:</b> Choose up to 3 cards in your discard pile, and shuffle them into your deck.', '2015-07-09 10:43:53', '2015-08-13 10:10:52', 1, 5, 1, 5, 6, 2, NULL, 'Kingdom.', NULL, 'Folko Streese', 0, 0, 0, 0, 0, 'fedb6fe6-2f55-4c42-9798-3e091b2b2573'),
(461, 1, 6, 1, 20, '01020', 'Reinforcements', NULL, '<b>When Revealed:</b> Choose a character with printed cost 5 or lower in your hand or discard pile, and put it into play.', '2015-07-09 10:43:53', '2015-08-21 09:56:22', 1, 1, 1, 0, 6, 2, NULL, 'Kingdom. War.', NULL, 'Preston Stone', 0, 0, 0, 0, 0, '5de352a4-c6fd-478c-bac0-39b78de1e68c'),
(462, 1, 6, 1, 21, '01021', 'Sneak Attack', NULL, 'You cannot initiate more than 1 challenge during the challenges phase.', '2015-07-09 10:43:53', '2015-08-13 10:10:52', 1, 5, 2, 11, 5, 2, NULL, 'Scheme.', NULL, 'Rafal Hrynkiewicz', 0, 0, 0, 0, 0, 'd4576f9d-16a6-430e-9f73-217216fd43b9'),
(463, 1, 6, 1, 22, '01022', 'Summons', NULL, '<b>When Revealed:</b> Search the top 10 cards of your deck for a character, reveal it, and add it to your hand. Shuffle your deck.', '2015-07-09 10:43:53', '2015-08-21 09:56:54', 2, 4, 1, 0, 7, 2, NULL, 'Kingdom.', NULL, 'Tomasz Jedruszek', 0, 0, 0, 0, 0, 'a380b0e0-610c-47f9-ac9f-ae12163b45fd'),
(464, 1, 6, 1, 24, '01024', 'Taxation', NULL, 'You may marshal or play 1 additional <abbr>limited</abbr> card this round.', '2015-07-09 10:43:53', '2015-08-21 10:57:44', 1, 5, 1, 6, 6, 2, NULL, 'Edict. Kingdom.', NULL, 'Tomasz Jedruszek', 0, 0, 0, 0, 0, 'aed7d9be-9014-48f3-bec8-7064f11d7665'),
(465, 1, 6, 1, 25, '01025', 'The Winds of Winter', NULL, NULL, '2015-07-09 10:43:53', '2015-08-13 10:10:52', 1, 3, 2, 4, 5, 2, NULL, 'Winter.', 'A cold wind was blowing out of the north, and it made the trees rustle like living things. All day, Will had felt as though something were watching him, something cold and implacable that loved him not.', 'Tomasz Jedruszek', 0, 0, 0, 0, 0, '05c62b13-053b-4b81-a0a8-bf1d3f19210f'),
(466, 1, 6, 1, 26, '01026', 'Wildfire Assault', NULL, '<b>When Revealed:</b> Each player chooses up to 3 characters he or she controls. Kill each character not chosen (cannot be saved).', '2015-07-09 10:43:53', '2015-08-13 10:10:52', 2, 4, 1, 7, 6, 2, NULL, 'Scheme. War.', NULL, 'Tomasz Jedruszek', 0, 0, 0, 0, 0, 'd10a1ced-df94-419b-af8e-4eadc2eb4688'),
(467, 1, 1, 1, 27, '01027', 'Fealty', NULL, 'You cannot include more than 15 neutral cards in your deck.\n<b>Action:</b> Kneel your faction card to reduce the cost of the next loyal card you marshal or play this phase by 1.', '2015-07-09 10:43:53', '2015-08-24 13:57:08', 1, NULL, NULL, NULL, NULL, 1, NULL, NULL, NULL, 'Magali Villeneuve', 0, 0, 0, 0, 0, '83754e87-8448-49af-a20f-bc4dc72d1dba'),
(468, 1, 3, 1, 28, '01028', 'Littlefinger', 5, '<b>Reaction:</b> After you marshal Littlefinger, draw 2 cards.\n+1 Income.', '2015-07-09 10:43:53', '2015-08-24 13:57:08', 2, NULL, NULL, NULL, NULL, 3, 4, 'Ally. Lord. Small Council.', '"I did warn you not to trust me."', 'Christopher Bradley', 1, 0, 0, 1, 1, '499ed82d-cc0e-43a5-89ba-a748b388f528'),
(469, 1, 3, 1, 29, '01029', 'Varys', 6, '<abbr>Stealth</abbr>.\n<b>Interrupt:</b> When the dominance phase ends, remove Varys from the game to discard each character from play.', '2015-07-09 10:43:53', '2015-08-24 13:57:08', 2, NULL, NULL, NULL, NULL, 3, 3, 'Lord. Small Council. Spy.', '"Why is it always the innocents who suffer most, when you high lords play your game of thrones?"', 'Mike Capprotti', 1, 0, 0, 1, 0, '78845c6e-c91a-47a2-9742-d72b19d0ed26'),
(470, 1, 2, 1, 34, '01034', 'Little Bird', 1, 'Attached character gains an [intrigue] icon.', '2015-07-09 10:43:53', '2015-08-24 13:57:08', 1, NULL, NULL, NULL, NULL, 3, NULL, 'Condition.', '"He has informants everywhere. His little birds, he calls them." <cite>Littlefinger</cite>', 'Melissa Findley', 0, 0, 0, 0, 0, 'b30f1522-c57b-493a-ad11-1088c05046ea'),
(471, 1, 2, 1, 35, '01035', 'Milk of the Poppy', 1, '<abbr>Terminal</abbr>.\nTreat attached character''s printed text box as if it were blank (except for <i>Traits</i>).', '2015-07-09 10:43:53', '2015-08-24 13:57:08', 2, NULL, NULL, NULL, NULL, 3, NULL, 'Condition.', 'By the time the maester removed the funnel from his mouth, he was already spiralling back to sleep.', 'Kara Williams', 0, 0, 0, 0, 0, 'a8bebc54-d01c-424d-8839-460ec09b733f'),
(472, 1, 2, 1, 37, '01037', 'Syrio''s Training', 1, 'Attached character gains a [military] icon.', '2015-07-09 10:43:53', '2015-08-24 13:57:08', 1, NULL, NULL, NULL, NULL, 3, NULL, 'Condition. Skill.', '"Now we will begin the dance." <cite>Syrio Forel</cite>', 'Ryan Barger', 0, 0, 0, 0, 0, 'aec7e23f-3e46-49b9-bd6b-37075b3646dd'),
(473, 1, 5, 1, 38, '01038', 'The Iron Throne', 2, 'The Iron Throne contributes 8 STR to your total for dominance.\n+1 Reserve.', '2015-07-09 10:43:53', '2015-08-24 13:57:08', 1, NULL, NULL, NULL, NULL, 3, NULL, 'King''s Landing.', '"…it is a monstruous uncomfortable chair. In more ways than one." <cite>Robert Baratheon</cite>', 'Jacob Murray', 1, 0, 0, 0, 0, '32b0d392-802e-4b0b-9df5-dd0eeee256b9'),
(474, 1, 5, 1, 39, '01039', 'The Kingsroad', 1, '<abbr>Limited</abbr>.\n<b>Marshaling Action:</b> Kneel and sacrifice The Kingsroad to reduce the cost of the next character you marshal this phase by 3.\n+1 Initiative.', '2015-07-09 10:43:53', '2015-08-24 13:57:08', 4, NULL, NULL, NULL, NULL, 3, NULL, 'Westeros.', NULL, 'Julepe', 0, 0, 0, 0, 0, '90452d99-6a6f-4d0d-b3a1-bb92e7110d1d'),
(475, 1, 5, 1, 40, '01040', 'The Roseroad', 0, '<abbr>Limited</abbr>.\n+1 Income.', '2015-07-09 10:43:53', '2015-08-24 13:57:08', 4, NULL, NULL, NULL, NULL, 3, NULL, 'Westeros.', NULL, 'Ted Nasmith', 0, 0, 0, 0, 0, '51a3e04f-3f44-4417-8d7c-1f116acd5c80'),
(476, 1, 4, 1, 43, '01043', 'Superior Claim', 0, '<b>Reaction:</b> After you win a [power] challenge by 5 or more STR, gain 2 power for your faction. (Max 1 per challenge.)', '2015-07-09 10:43:53', '2015-08-24 13:57:08', 2, NULL, NULL, NULL, NULL, 3, NULL, NULL, NULL, 'Jason Engle', 0, 0, 0, 0, 0, '8e9b06da-991e-4608-a16b-caf96209641a'),
(477, 1, 3, 2, 46, '01046', 'Maester Cressen', 3, '<b>Marshalling Action:</b> Kneel Maester Cressen to choose a <i>Condition</i> attachment, and discard it from play.', '2015-07-09 10:43:53', '2015-08-24 13:57:08', 1, NULL, NULL, NULL, NULL, 3, 3, 'Maester.', NULL, 'J. Edwin Stevens', 1, 0, 0, 0, 1, '0c97b091-96c0-46df-8442-e904025304fb'),
(478, 1, 3, 2, 47, '01047', 'Melisandre', 5, '<b>Reaction:</b> After you marshal or play a <i>R''hllor</i> card, choose and kneel a character. (Limit once per round.)', '2015-07-09 10:43:54', '2015-08-24 13:57:08', 1, NULL, NULL, NULL, NULL, 3, 4, 'Lady. R''hllor.', '"It is not the foes who curse you to your face that you must fear, but those who smile when you are looking and sharpen their knives when you turn your back."', 'Jacob Murray', 1, 0, 0, 1, 1, '6ab37ed8-df99-410d-a9ff-7afe98f7ee22'),
(479, 1, 3, 2, 48, '01048', 'Robert Baratheon', 7, '<abbr>Intimidate</abbr>. <abbr>Renown</abbr>.\nRobert Baratheon gets +1 STR for each other kneeling character in play.', '2015-07-09 10:43:54', '2015-08-24 13:57:08', 1, NULL, NULL, NULL, NULL, 3, 5, 'King. Lord.', '"Fat? Fat, is it? Is that how your speak to your king? Ah, damn you, Ned, why are you always right?"', 'Joshua Cairós', 1, 1, 1, 0, 1, '78ca6089-6d16-4e41-8df7-40042e3dc077'),
(480, 1, 3, 2, 49, '01049', 'Selyse Baratheon', 3, '<b>Challenges Action:</b> Pay 1 gold to choose a [baratheon] character. Until the end of the phase, that character gains an [intrigue] icon.', '2015-07-09 10:43:54', '2015-08-24 13:57:08', 1, NULL, NULL, NULL, NULL, 3, 2, 'House Florent. Lady. R''hllor.', NULL, 'Tawny Fritzinger', 1, 0, 0, 1, 1, '88de8a8f-4d15-415c-96c8-38edc8f8fe99'),
(481, 1, 3, 2, 52, '01052', 'Stannis Baratheon', 6, 'Each player cannot stand more than 2 characters during the standing phase.', '2015-07-09 10:43:54', '2015-08-24 13:57:08', 1, NULL, NULL, NULL, NULL, 3, 5, 'Lord. Small Council.', '"I shall bring justice to Westeros."', 'Joshua Cairós', 1, 1, 1, 0, 1, 'dfc85d0c-12a5-45b3-803a-98982c36d083'),
(482, 1, 3, 2, 54, '01054', 'Fiery Followers', 3, '<b>Reaction:</b> After the dominance phase begins, stand Fiery Followers.', '2015-07-09 10:43:54', '2015-08-24 13:57:08', 1, NULL, NULL, NULL, NULL, 3, 2, 'R''hllor.', '"The red priests have a great temple on Lys. Always they are burning this and burning that, crying out to their R''hllor. They bore me with their fires. Soon they will bore King Stannis too, it is to be hoped." <cite>Salladhor Saan</cite>', 'Jarreau Wimberly', 0, 0, 1, 1, 0, '21c87233-3c2e-4a66-9ea0-ffaf5ac0594c'),
(483, 1, 2, 2, 58, '01058', 'Lightbringer', 2, '[baratheon] character only.\nIf attached character is Stannis Baratheon, he gains <abbr>renown</abbr>.\n<b>Reaction:</b> After attached character gains 1 or more power, stand it. (Limit once per phase.)', '2015-07-09 10:43:54', '2015-08-24 13:57:08', 1, NULL, NULL, NULL, NULL, 3, NULL, 'R''hllor. Weapon.', NULL, 'John Matson', 1, 1, 0, 0, 0, '7e00c4df-c406-4560-9cb1-a18b1a180017'),
(484, 1, 5, 2, 60, '01060', 'Chamber of the Painted Table', 2, '<b>Reaction:</b> After you win dominance, kneel Chamber of the Painted Table to move 1 power from an opponent''s faction card to your own.', '2015-07-09 10:43:54', '2015-08-24 13:57:08', 1, NULL, NULL, NULL, NULL, 3, NULL, 'Dragonstone.', NULL, 'Mariusz Gandzel', 1, 0, 0, 0, 0, '8b8d9c4c-a100-4d95-b68b-5156766035d9'),
(485, 1, 5, 2, 61, '01061', 'The Red Keep', 3, 'The Red Keep contributes 2 STR to your side during any [power] challenge in which you control a participating character.\n<b>Interrupt:</b> When the challenges phase ends, if you have not lost a [power] challenge this round, kneel The Red Keep to draw 2 cards.', '2015-07-09 10:43:54', '2015-08-24 13:57:08', 1, NULL, NULL, NULL, NULL, 3, NULL, 'King''s Landing.', NULL, 'Tomasz Jedruszek', 1, 1, 0, 0, 0, '3a89059b-0e56-4b47-aad7-8d2b0a245149'),
(486, 1, 4, 2, 62, '01062', 'Consolidation of Power', 1, '<b>Marshaling Action:</b> Choose and kneel up to 4 total STR worth of characters controlled by the same player. Then, choose one of those characters, and have it gain 1 power.', '2015-07-09 10:43:54', '2015-08-24 13:57:08', 1, NULL, NULL, NULL, NULL, 3, NULL, NULL, NULL, 'Regis Moulun', 0, 1, 0, 0, 0, 'b1092dd9-01aa-4622-9026-d905a44dd874'),
(487, 1, 4, 2, 63, '01063', 'Ours is the Fury', 2, 'Play only during a challenge in which you are the defending player.\n<b>Action:</b> Choose a kneeling [baratheon] character you control. That character is now participating as a defender. If you win this challenge, stand that character.', '2015-07-09 10:43:54', '2015-08-24 13:57:08', 1, NULL, NULL, NULL, NULL, 3, NULL, NULL, NULL, 'Joshua Cairós', 0, 1, 0, 0, 0, '9d1702a8-32c9-41c2-bbd4-2ce00885e20a'),
(488, 1, 4, 2, 64, '01064', 'Seen In Flames', 1, 'Play only if you control a <i>R''hllor</i> character.\n<b>Challenges Action:</b> Choose an opponent, and look at his or her hand. Then, choose and discard 1 card from that hand.', '2015-07-09 10:43:54', '2015-08-24 13:57:08', 1, NULL, NULL, NULL, NULL, 3, NULL, 'R''hllor.', NULL, 'Nacho Molina', 0, 0, 0, 0, 0, '50402306-cc27-4e3e-9924-aa13f430cb60'),
(489, 1, 3, 3, 65, '01065', 'Aeron Damphair', 3, '<b>Reaction:</b> After you win dominance, put an <i>Ironborn</i> character into play from your dead pile.', '2015-07-09 10:43:54', '2015-08-24 13:57:08', 1, NULL, NULL, NULL, NULL, 3, 3, 'Drowned God. Ironborn. Lord.', '"What is dead may never die, but rises again, harder and stronger."', 'Anders Finer', 1, 0, 0, 0, 1, 'c4fbe19b-fe3b-4f5c-b1c6-065c13c4a9db'),
(490, 1, 3, 3, 67, '01067', 'Asha Greyjoy', 5, '<abbr>Stealth</abbr>.\n<b>Reaction:</b> After you win an unopposed challenge in which Asha Greyjoy is participating, stand her.', '2015-07-09 10:43:54', '2015-08-24 13:57:08', 1, NULL, NULL, NULL, NULL, 3, 4, 'Ironborn. Lady.', '"I am Asha of House Greyjoy, aye. Opinions differ on whether I''m a lady."', 'Mark Behm', 1, 0, 1, 0, 1, '41367a9d-b751-4632-9973-97d2e4df7087'),
(491, 1, 3, 3, 68, '01068', 'Balon Greyjoy', 6, '<abbr>Renown</abbr>.\nWhile Balon Greyjoy is attacking, each defending character with a lower STR than his does not contribute its STR to that challenge.', '2015-07-09 10:43:54', '2015-08-24 13:57:08', 1, NULL, NULL, NULL, NULL, 3, 5, 'Ironborn. Lord.', '"I am the Greyjoy, Lord Reaper of Pyke, King of Salt and Rock, Son of the Sea Wind, and no man gives me a crown. I pay the iron price."', 'Sebastian Ciaffaglione', 1, 1, 1, 0, 1, '9bc99c98-4cbd-467b-b31c-1bec686370ea'),
(492, 1, 3, 3, 69, '01069', 'Euron Crow''s Eye', 7, '<abbr>Pillage</abbr>. <abbr>Renown</abbr>.\n<b>Reaction:</b> After Euron Crow''s Eye discards a card using <abbr>pillage</abbr>, put a location from the losing opponent''s discard pile into play under your control.', '2015-07-09 10:43:54', '2015-08-24 13:57:08', 1, NULL, NULL, NULL, NULL, 3, 6, 'Ironborn. Lord. Raider.', '"The Crow''s Eye worships naught but his own pride." <cite>Aeron Damphair</cite>', 'J.B. Casacop', 1, 1, 1, 1, 1, '912e5447-89b3-4896-903c-6f5ed78113e1'),
(493, 1, 3, 3, 70, '01070', 'Maester Wendamyr', 2, '<abbr>Stealth</abbr>.', '2015-07-09 10:43:54', '2015-08-24 13:57:08', 1, NULL, NULL, NULL, NULL, 3, 2, 'Maester.', 'He wore about his neck a chain of many metals that marked him for a master of the Citadel.', 'Aleksander Karcz', 1, 0, 0, 0, 1, '1913dcf2-dc68-4427-a3ae-5deb5e054d8c'),
(494, 1, 3, 3, 74, '01074', 'Iron Islands Fishmonger', 1, '<b>Marshaling Action:</b> Kneel Iron Islands Fishmonger to reduce the cost of the next [greyjoy] character you marshal this phase by 1.', '2015-07-09 10:43:54', '2015-08-24 13:57:08', 1, NULL, NULL, NULL, NULL, 3, 1, 'Ally. Merchant.', NULL, 'Preston Stone', 0, 0, 0, 0, 1, '1ea5aae7-d6c0-4589-afe1-c190743ebdbf'),
(495, 1, 2, 3, 77, '01077', 'Throwing Axe', 1, '<i>Ironborn</i> character only.\n<b>Reaction:</b> After you win a challenge in which attached character is participating as an attacker, sacrifice Throwing Axe to choose and kill a defending character.', '2015-07-09 10:43:54', '2015-08-24 13:57:08', 1, NULL, NULL, NULL, NULL, 3, NULL, 'Weapon.', NULL, 'Justin Adams', 0, 0, 0, 0, 0, 'c3eeb001-e6a1-48ae-b310-cbd0d2c84653'),
(496, 1, 5, 3, 78, '01078', 'Great Kraken', 3, 'While you control Balon Greyjoy, he gains <abbr>stealth</abbr>.\n<b>Reaction:</b> After you win an unopposed challenge, either: draw 1 card, or gain 1 power for your faction. (Limit twice per round.)', '2015-07-09 10:43:54', '2015-08-24 13:57:08', 1, NULL, NULL, NULL, NULL, 3, NULL, 'Warship.', NULL, 'Jacob Murray', 1, 1, 0, 0, 0, '014da37c-9903-418d-a043-ee2191b9d169'),
(497, 1, 4, 3, 81, '01081', 'Risen from the Sea', 0, '<b>Interrupt:</b> When a [greyjoy] character would be killed, save it. Then, attach Risen from the Sea to that character as a <i>Condition</i> attachment with the text: "<abbr>Terminal</abbr>. Attached character gets +1 STR."', '2015-07-09 10:43:54', '2015-08-24 13:57:08', 1, NULL, NULL, NULL, NULL, 3, NULL, NULL, NULL, 'Tommy Arnold', 0, 0, 0, 0, 0, '0e42b4fb-8a0e-40d1-a398-fd9c0f7912a4'),
(498, 1, 4, 3, 83, '01083', 'We Do Not Sow', 1, '<b>Reaction:</b> After you win an unopposed challenge, choose an attachment or location controlled by the losing opponent, and discard it from play. (Max 1 per challenge.)', '2015-07-09 10:43:54', '2015-08-24 13:57:08', 1, NULL, NULL, NULL, NULL, 3, NULL, NULL, NULL, 'Tomasz Jedruszek', 0, 1, 0, 0, 0, '62570a84-3203-468d-9529-37dbbc6d191c'),
(499, 1, 3, 4, 84, '01084', 'Cersei Lannister', 4, 'While Cersei Lannister is attacking during an [intrigue] challenge, raise the claim value on your revealed plot card by 1.', '2015-07-09 10:43:54', '2015-08-24 13:57:08', 1, NULL, NULL, NULL, NULL, 3, 4, 'Lady. Queen.', '"Love is poison. A sweet poison, but it will kill you all the same."', 'Tommy Arnold', 1, 1, 0, 1, 1, 'e5031986-0537-4892-bb7c-67a0128b5631'),
(500, 1, 3, 4, 86, '01086', 'Joffrey Baratheon', 3, '<b>Reaction:</b> After a <i>Lord</i> or <i>Lady</i> character is killed, Joffrey Baratheon gains 1 power. (Limit 3 times per round.)', '2015-07-09 10:43:54', '2015-08-24 13:57:08', 1, NULL, NULL, NULL, NULL, 3, 3, 'Lord.', '"My son. How could I have made a son like that, Ned?" <cite>Robert Baratheon</cite>', 'Magali Villeneuve', 1, 0, 0, 0, 1, 'df79718d-b01d-4338-8907-7b6abff58303'),
(501, 1, 3, 4, 87, '01087', 'Ser Jaime Lannister', 6, 'Ser Jaime Lannister does not kneel when declared as an attacker in a [military] challenge, and gains <abbr>renown</abbr> while participating in a [military] challenge.', '2015-07-09 10:43:54', '2015-08-24 13:57:08', 1, NULL, NULL, NULL, NULL, 3, 5, 'Knight. Lord.', '"There are no men like me. There''s only me."', 'Michael Komarck', 1, 0, 1, 1, 0, 'a8854084-67e5-4955-89db-3d9cb1337789'),
(502, 1, 3, 4, 88, '01088', 'The Tickler', 2, '<b>Dominance Action:</b> Kneel The Tickler to discard the top card of an opponent''s deck. Then, you may choose 1 copy of that card, and discard it from play.', '2015-07-09 10:43:54', '2015-08-24 13:57:08', 1, NULL, NULL, NULL, NULL, 3, 2, 'Ally.', '"Tickler makes them howl so hard they piss themselves." <cite>Chiswyck</cite>', 'David Demaret', 1, 0, 1, 1, 0, '5e826f43-d1d0-4c3c-8939-789ce55bcf1d'),
(503, 1, 3, 4, 89, '01089', 'Tyrion Lannister', 5, '<abbr>Stealth</abbr>.\n<b>Reaction:</b> After an [intrigue] challenge is initiated, gain 2 gold. (Limit twice per round.)', '2015-07-09 10:43:54', '2015-08-24 13:57:08', 1, NULL, NULL, NULL, NULL, 3, 4, 'Lord.', '"When you tear out a man''s tongue, you are not proving him a liar, you''re only telling the world that you fear what he might say."', 'Jacob Murray', 1, 0, 0, 1, 1, '102c0746-2205-425a-ab85-90dc41a031e3'),
(504, 1, 3, 4, 90, '01090', 'Tywin Lannister', 7, '<abbr>Renown</abbr>.\nTywin Lannister gets +1 STR for each gold in your gold pool.\n+2 Income.', '2015-07-09 10:43:54', '2015-08-24 13:57:08', 1, NULL, NULL, NULL, NULL, 3, 6, 'Lord.', NULL, 'Tommy Arnold', 1, 1, 1, 1, 1, '390a8cf7-8bc4-45c1-bea5-e6a694e9f2d5'),
(505, 1, 3, 4, 91, '01091', 'Burned Men', 2, '<abbr>Ambush</abbr> (2).', '2015-07-09 10:43:54', '2015-08-24 13:57:08', 1, NULL, NULL, NULL, NULL, 3, 2, 'Clansman.', 'Every clan in the Mountains of the Moon feared the Burned Men, who mortified their flesh with fire to prove their courage.', 'Marc Scheff', 0, 0, 1, 0, 0, '30769686-a69f-4088-8939-7b9a4c4f7f76'),
(506, 1, 3, 4, 92, '01092', 'Gold Cloaks', 4, '<abbr>Ambush</abbr> (2).\n<b>Forced Interrupt:</b> When a phase ends in which Gold Cloaks entered play using <abbr>ambush</abbr>, discard it from play (cannot be saved).', '2015-07-09 10:43:54', '2015-08-24 13:57:08', 1, NULL, NULL, NULL, NULL, 3, 3, 'Ally. Army.', NULL, 'David Demaret', 0, 0, 1, 0, 1, '8e70f54a-9c37-4645-9e7e-2b60a72bdb80'),
(507, 1, 3, 4, 95, '01095', 'The Queen''s Assassin', 2, '<abbr>Ambush</abbr> (4).\n<b>Reaction:</b> After The Queen''s Assassin enters play using <abbr>ambush</abbr>, choose an opponent. If you have more cards in hand than that player, he or she must choose and kill a character he or she controls.', '2015-07-09 10:43:54', '2015-08-24 13:57:08', 1, NULL, NULL, NULL, NULL, 3, 2, 'Spy.', NULL, 'Mike Capprotti', 0, 1, 0, 1, 0, '1e240486-c214-4fae-aa9b-690a08a8c9aa'),
(508, 1, 2, 4, 96, '01096', 'Widow''s Wail', 1, '<abbr>Ambush</abbr> (1).\nAttached character gets +2 STR.\nIf attached character is Joffrey Baratheon, he gains a [military] icon.', '2015-07-09 10:43:54', '2015-08-24 13:57:08', 1, NULL, NULL, NULL, NULL, 3, NULL, 'Valyrian Steel. Weapon.', NULL, 'Joshua Cairós', 1, 0, 0, 0, 0, '4dd074aa-af6c-4897-b7b2-bff3493bcf9e'),
(509, 1, 5, 4, 97, '01097', 'Casterly Rock', 2, 'You may initiate an additional [intrigue] challenge during the challenges phase.', '2015-07-09 10:43:54', '2015-08-24 13:57:08', 1, NULL, NULL, NULL, NULL, 3, NULL, 'Stronghold. The Westerlands.', '"They say there is naught but stone at the heart of Casterly Rock." <cite>Catelyn Stark</cite>', 'Sergey Glushakov', 1, 1, 0, 0, 0, '2267fe81-fd34-49e6-bcf5-5aa2733ac298'),
(510, 1, 5, 4, 98, '01098', 'Lannisport', 3, '<b>Reaction:</b> After you win an [intrigue] challenge, draw 1 card.', '2015-07-09 10:43:54', '2015-08-24 13:57:08', 1, NULL, NULL, NULL, NULL, 3, NULL, 'The Westerlands.', NULL, 'Juan Carlos Barquet', 1, 1, 0, 0, 0, '5702d5f9-ae1e-435b-ae86-01c14817431a'),
(511, 1, 4, 4, 100, '01100', 'Hear Me Roar!', 1, '<b>Action:</b> Put a [lannister] character into play from your hand. At the end of the phase, if that card is still in play, discard it from play (cannot be saved).', '2015-07-09 10:43:54', '2015-08-24 13:57:08', 1, NULL, NULL, NULL, NULL, 3, NULL, NULL, NULL, 'Cris Griffin', 0, 1, 0, 0, 0, '2ad9b318-4ff7-4ace-91ee-81e223fd176c'),
(512, 1, 4, 4, 101, '01101', 'The Things I Do For Love', NULL, 'Play only if you control a [lannister] <i>Lord</i> or <i>Lady</i> character.\n<b>Challenges Action:</b> Kneel your faction card to choose a character with printed cost X or lower controlled by an opponent, and return it to its owner''s hand.', '2015-07-09 10:43:54', '2015-08-24 13:57:08', 1, NULL, NULL, NULL, NULL, 3, NULL, NULL, NULL, 'Aaron Riley', 0, 0, 0, 0, 0, '6d93075c-8517-44ef-8580-f4fdfe1967da'),
(513, 1, 3, 5, 104, '01104', 'Arianne Martell', 5, '<b>Action:</b> Put a character with printed cost 5 or lower into play from your hand. Then, return Arianne Martell to your hand (cannot be saved). (Limit once per phase.)', '2015-07-09 10:43:54', '2015-08-24 13:57:08', 1, NULL, NULL, NULL, NULL, 3, 4, 'Lady.', NULL, 'Tiziano Baracchi', 1, 0, 0, 1, 1, 'fa34ed25-de84-45c9-89c1-1428ec505458'),
(514, 1, 3, 5, 105, '01105', 'Doran Martell', 6, '<abbr>Insight</abbr>.\nEach other [martell] <i>Lord</i> and <i>Lady</i> character you control gets +1 STR for each plot card in your used pile.', '2015-07-09 10:43:54', '2015-08-24 13:57:08', 1, NULL, NULL, NULL, NULL, 3, 4, 'Lord.', '"Who fears to walk upon the grass? But it is the grass that hides the viper from his enemies and shelters him until he strikes."', 'Tawny Fritzinger', 1, 1, 0, 1, 1, '295184b5-9b32-45d7-a870-c2a5580e1f75'),
(515, 1, 3, 5, 111, '01111', 'Dornish Paramour', 3, '<b>Reaction:</b> After Dornish Paramour is declared as an attacker, choose a character controlled by the defending player. That character must be declared as a defender for this challenge, if able.', '2015-07-09 10:43:54', '2015-08-24 13:57:08', 1, NULL, NULL, NULL, NULL, 3, 3, 'Companion.', NULL, 'Sedone Thongvilay', 0, 0, 0, 1, 0, 'f70034a0-01a1-4e77-8dde-44c1cd7d3f40'),
(516, 1, 2, 5, 115, '01115', 'Dawn', 2, 'Attached character gets +1 STR for each plot card in your used pile.\nWhile attached character has the <i>House Dayne</i> trait, it gains <abbr>intimidate</abbr>.', '2015-07-09 10:43:54', '2015-08-24 13:57:08', 1, NULL, NULL, NULL, NULL, 3, NULL, 'Weapon.', NULL, 'Henning Ludvigsen', 1, 0, 0, 0, 0, '9e6bf142-159b-4a3b-9d4c-d8bf233a6f0c'),
(517, 1, 4, 5, 120, '01120', 'Unbowed, Unbent, Unbroken', 0, 'Play only if you are not the first player.\n<b>Reaction:</b> After you lose a challenge as the defending player, name a challenge type. Until the end of the phase, the winner of the challenge cannot initiate challenges of that type. (Max 1 per challenge.)', '2015-07-09 10:43:54', '2015-08-24 13:57:08', 1, NULL, NULL, NULL, NULL, 3, NULL, NULL, NULL, 'Daniel Rudnicki', 0, 0, 0, 0, 0, 'ad97966b-2d52-4b03-a8f4-f51c8a63a8c9'),
(518, 1, 3, 6, 122, '01122', 'Benjen Stark', 5, 'Each <i>Ranger</i> character you control cannot be bypassed by <abbr>stealth</abbr>.\n<b>Interrupt:</b> When Benjen Stark is killed, gain 2 power for your faction. Then, shuffle him back into your deck instead of placing him in your dead pile.', '2015-07-09 10:43:54', '2015-08-24 13:57:08', 1, NULL, NULL, NULL, NULL, 3, 4, 'Ranger.', NULL, 'Tiziano Baracchi', 1, 0, 1, 0, 1, 'dcbbfe54-078f-44c9-88e7-02efe235911c'),
(519, 1, 3, 6, 123, '01123', 'Ghost', 4, 'No attachments. <abbr>Stealth</abbr>.\n<b>Reaction:</b> After Ghost bypasses a character using <abbr>stealth</abbr>, that character cannot be declared as a defender for any challenges until the end of the phase.', '2015-07-09 10:43:54', '2015-08-24 13:57:08', 1, NULL, NULL, NULL, NULL, 3, 3, 'Direwolf.', '"He''s not like the others. He never makes a sound. That''s why I named him Ghost.”\n <cite>Jon Snow</cite>', 'Jacob Murray', 1, 0, 1, 0, 0, '9c0f0dce-2809-4ad9-bc27-ba5bb15484ee'),
(520, 1, 3, 6, 124, '01124', 'Jon Snow', 6, 'No attachments except <i>Weapon</i>.\nWhile Jon Snow is standing, he is considered to be participating in each challenge in which you control another attacking [nightswatch] character.', '2015-07-09 10:43:54', '2015-08-24 13:57:08', 1, NULL, NULL, NULL, NULL, 3, 4, 'Bastard. Steward.', '"Different roads sometimes lead to the same castle."', 'Michael Komarck', 1, 0, 0, 1, 0, 'a773532a-9c2b-4b33-9052-ed73ce2d6e18'),
(521, 1, 3, 6, 125, '01125', 'Maester Aemon', 3, 'No attachments.\n<b>Interrupt:</b> When a [nightswatch] character would be killed, kneel Master Aemon to save it.', '2015-07-09 10:43:54', '2015-08-24 13:57:08', 1, NULL, NULL, NULL, NULL, 3, 2, 'Maester. Steward.', '"Kill the boy, Jon Snow. Winter is almost upon us. Kill the boy and let the man be born."', 'Leonardo Borazio', 1, 0, 0, 1, 0, '157ee453-9a78-480a-bf0e-93d74c49dc88'),
(522, 1, 3, 6, 126, '01126', 'Old Bear Mormont', 7, 'While you control The Wall, Old Bear Mormont does not kneel when declared as a defender.\n<b>Interrupt:</b> When the challenges phase ends, if you have not lost a challenge as the defending player this phase, put a [nightswatch] card into play from your hand.', '2015-07-09 10:43:54', '2015-08-24 13:57:08', 1, NULL, NULL, NULL, NULL, 3, 6, 'Commander. Lord.', '"The things we love destroy us every time, lad. Remember that."', 'Antonio José Manzanedo', 1, 1, 1, 0, 1, 'fd60e197-476c-4d8d-811f-e0a403a12b48'),
(523, 1, 3, 6, 127, '01127', 'Samwell Tarly', 2, '<abbr>Insight</abbr>.\n+1 Reserve.', '2015-07-09 10:43:54', '2015-08-24 13:57:08', 1, NULL, NULL, NULL, NULL, 3, 1, 'Steward.', 'The world was full of cravens who pretended to be heroes; it took a queer sort of courage to admit to cowardice as Samwell Tarly had.', 'Thomas Denmark', 1, 1, 0, 1, 0, 'aab739f7-aae2-4228-a446-89c4e7f91ea2'),
(524, 1, 3, 6, 129, '01129', 'Yoren', 3, '<b>Reaction:</b> After you marshal Yoren, choose a character with printed cost 3 or lower in an opponent''s discard pile, and put it into play under your control.', '2015-07-09 10:43:54', '2015-08-24 13:57:08', 1, NULL, NULL, NULL, NULL, 3, 2, 'Wandering Crow.', '"I got thirty this time, men and boys all bound for the Wall…"', 'Dleoblack', 1, 1, 0, 1, 0, '47f94d62-7d83-4e36-80c6-0062d56aa820'),
(525, 1, 3, 6, 130, '01130', 'Messenger Raven', 1, 'No attachments.\n<b>Dominance Action:</b> Return Messenger Raven to your hand to draw 1 card.', '2015-07-09 10:43:54', '2015-08-24 13:57:08', 1, NULL, NULL, NULL, NULL, 3, 1, 'Raven.', NULL, 'Zezhou Chen', 0, 1, 0, 0, 0, '0ebedb0f-d94c-4f8f-a478-2cffc712c6c7'),
(526, 1, 3, 6, 131, '01131', 'Old Forest Hunter', 2, 'No attachments except <i>Weapon</i>.\n<b>Action:</b> Discard 1 card from your hand to gain 1 gold. (Limit once per phase.)', '2015-07-09 10:43:54', '2015-08-24 13:57:08', 1, NULL, NULL, NULL, NULL, 3, 1, 'Ranger.', NULL, 'Taylor Ingvarsson', 0, 1, 1, 0, 0, '89207067-9a33-4689-9b8a-66c85f7c68c1'),
(527, 1, 3, 6, 134, '01134', 'Veteran Builder', 3, 'No attachments except <i>Weapon</i>.\n<b>Action:</b> Sacrifice Veteran Builder to choose and stand a location.', '2015-07-09 10:43:54', '2015-08-24 13:57:08', 1, NULL, NULL, NULL, NULL, 3, 4, 'Builder.', NULL, 'Mauro Dal Bo', 0, 0, 0, 0, 1, 'ae0ac552-9668-4df3-a236-49389b7f4cb8'),
(528, 1, 2, 6, 135, '01135', 'Longclaw', 2, '[nightswatch] character only.\nAttached character gets +1 STR and gains <abbr>renown</abbr>.', '2015-07-09 10:43:54', '2015-08-24 13:57:08', 1, NULL, NULL, NULL, NULL, 3, NULL, 'Valyrian Steel. Weapon.', '"I use Longclaw when I must, ser." <cite>Jon Snow</cite>', 'Zezhou Chen', 1, 0, 0, 0, 0, 'ff57f39e-7806-48c8-914d-dd9b4a19406d'),
(529, 1, 5, 6, 136, '01136', 'Castle Black', 2, '<b>Action:</b> Kneel Castle Black to choose and stand a defending [nightswatch] character. Until the end of the challenge, that character gets +2 STR.', '2015-07-09 10:43:54', '2015-08-24 13:57:08', 1, NULL, NULL, NULL, NULL, 3, NULL, 'The North.', NULL, 'Lino Drieghe', 1, 0, 0, 0, 0, '1b6ab41e-7a61-422f-8d36-1723130312a9'),
(530, 1, 5, 6, 137, '01137', 'The Wall', 4, 'Each [nightswatch] character you control gets +1 STR.\n<b>Forced Reaction:</b> After you lose an unopposed challenge, kneel The Wall.\n<b>Interrupt:</b> When the challenges phase ends, kneel The Wall to gain 2 power for your faction.', '2015-07-09 10:43:54', '2015-08-24 13:57:08', 1, NULL, NULL, NULL, NULL, 3, NULL, 'Stronghold. The North.', NULL, 'Lino Drieghe', 1, 0, 0, 0, 0, '5d20e021-5d12-4338-8bdd-42d008bff919'),
(531, 1, 4, 6, 138, '01138', 'A Meager Contribution', 0, '<b>Reaction:</b> After an opponent collects income, move 1 gold from that player''s gold pool to your own. (Max 1 per round.)', '2015-07-09 10:43:54', '2015-08-24 13:57:08', 2, NULL, NULL, NULL, NULL, 3, NULL, NULL, '"The Night''s Watch is not proud. We take what is offered." <cite>Old Bear Mormont</cite>', 'Chase Toole', 0, 1, 0, 0, 0, 'c466db77-e618-430d-80c3-d9cacf963bcf'),
(532, 1, 4, 6, 139, '01139', 'Take the Black', 3, '<b>Dominance Action:</b> Choose a non-unique character with printed cost 6 or lower. Take control of that character. (Max 1 per round.)', '2015-07-09 10:43:54', '2015-08-24 13:57:08', 1, NULL, NULL, NULL, NULL, 3, NULL, NULL, '"I pledge my life and honor to the Night''s Watch, for this night and all the nights to come." <cite>from the Night''s Watch vow</cite>', 'Eva Maria Toker', 0, 1, 0, 0, 0, '1a0183ed-61fd-4302-b19b-1640f0c11500'),
(533, 1, 4, 6, 140, '01140', 'The Sword in the Darkness', 1, 'Play only during a challenge in which you control a participating [nightswatch] character.\n<b>Reaction:</b> After you win a challenge by 5 or more STR as the defending player, the losing opponent cannot initiate challenges against you this round.', '2015-07-09 10:43:54', '2015-08-24 13:57:08', 1, NULL, NULL, NULL, NULL, 3, NULL, NULL, NULL, 'Ryan Barger', 0, 0, 0, 0, 0, '18715d47-dbe1-4f02-a5b3-e1d7f6943287'),
(534, 1, 3, 7, 141, '01141', 'Arya Stark', 3, '<abbr>Stealth</abbr>.\nWhile Arya Stark has a duplicate, she gains a [military] icon.\n<b>Reaction:</b> After Arya Stark enters play, place the top card of your deck on her facedown as a duplicate.', '2015-07-09 10:43:54', '2015-08-24 13:57:08', 1, NULL, NULL, NULL, NULL, 3, 2, 'Lady.', NULL, 'Joshua Cairós', 1, 0, 0, 0, 1, 'abf9c701-f480-4576-a5c0-44b4e9b04e6c'),
(535, 1, 3, 7, 142, '01142', 'Bran Stark', 2, '<b>Interrupt:</b> When the effects of an opponent''s event would initiate, sacrifice Bran Stark to cancel those effects.', '2015-07-09 10:43:54', '2015-08-24 13:57:08', 1, NULL, NULL, NULL, NULL, 3, 1, 'Lord.', '"Can a man still be brave if he''s afraid?"', 'Smirtouille', 1, 0, 0, 0, 1, '9e56783a-c133-4f81-9914-4e81b92ba5d1'),
(536, 1, 3, 7, 143, '01143', 'Catelyn Stark', 4, 'While Catelyn Stark is participating in a challenge, your opponents cannot trigger card abilities.', '2015-07-09 10:43:54', '2015-08-24 13:57:08', 1, NULL, NULL, NULL, NULL, 3, 4, 'House Tully. Lady. The Seven.', 'I take no joy in mead nor meat, and song and laughter have become suspicious strangers to me. I am a creature of grief and dust and bitter longings. There is an empty place within me where my heart was once.', 'Tommy Arnold', 1, 1, 0, 1, 1, '64f1d132-e293-48fd-ad0a-9d28b8cad5b5'),
(537, 1, 3, 7, 144, '01144', 'Eddard Stark', 7, '<abbr>Renown</abbr>.\n<b>Reaction:</b> After a challenge is initiated against you, stand Eddard Stark.', '2015-07-09 10:43:54', '2015-08-24 13:57:08', 1, NULL, NULL, NULL, NULL, 3, 5, 'Lord. Small Council.', '"The winters are hard, but the Starks will endure. We always have."', 'Jacob Murray', 1, 0, 1, 0, 1, 'aee0eeeb-97a7-4b48-82e7-03141663e346'),
(538, 1, 3, 7, 145, '01145', 'Grey Wind', 5, '<abbr>Intimidate</abbr>. No attachments.\n<b>Challenges Action:</b> Kneel Grey Wind to choose and kill a character with STR 1 or lower. (STR 2 or lower instead if you control Robb Stark).', '2015-07-09 10:43:54', '2015-08-24 13:57:08', 1, NULL, NULL, NULL, NULL, 3, 4, 'Direwolf.', NULL, 'Brian Valenzuela', 1, 1, 1, 0, 0, 'c8777aab-2cd5-45c0-a59f-7d291aea9435'),
(539, 1, 3, 7, 146, '01146', 'Robb Stark', 6, '<abbr>Renown</abbr>.\n<b>Reaction:</b> After a [stark] character you control is sacrificed or killed, stand each character you control. (Limit once per round.)', '2015-07-09 10:43:54', '2015-08-24 13:57:08', 1, NULL, NULL, NULL, NULL, 3, 5, 'Lord.', '"I have won every battle, yet somehow I''m losing the war."', 'Diego Gisbert Llorens', 1, 1, 1, 0, 1, 'd892faa0-09c4-41ec-8705-abe2c1c87c83'),
(540, 1, 3, 7, 147, '01147', 'Sansa Stark', 3, 'Sansa Stark enters play knelt.\n<b>Reaction:</b> After Sansa Stark stands, gain 1 power for your faction. (Limit once per round.)', '2015-07-09 10:43:54', '2015-08-24 13:57:08', 1, NULL, NULL, NULL, NULL, 3, 2, 'Lady.', '"Why would you want to ride a smelly old horse and get all sore and sweaty when you could recline on feather pillows and eat cakes with the queen?"', 'Michael Komarck', 1, 0, 0, 1, 1, '64cc68a4-6484-4178-a4a6-ddb24978fe09'),
(541, 1, 3, 7, 148, '01148', 'Summer', 3, 'No attachments.\nWhile you control Bran Stark, he gains <abbr>insight</abbr>.\n<b>Reaction:</b> After Summer enters play, return a [stark] character with printed STR 2 or lower from your discard or dead pile to your hand.', '2015-07-09 10:43:54', '2015-08-24 13:57:08', 1, NULL, NULL, NULL, NULL, 3, 3, 'Direwolf.', NULL, 'Smirtouille', 1, 1, 1, 0, 0, '713ee651-63b9-4eee-aebe-62163b394cd6'),
(542, 1, 3, 7, 149, '01149', 'Direwolf Pup', 2, 'No attachments.\nDirewolf Pup gets +1 STR for each other <i>Direwolf</i> card you control.', '2015-07-09 10:43:54', '2015-08-24 13:57:08', 1, NULL, NULL, NULL, NULL, 3, 1, 'Direwolf.', NULL, 'Patrick McEvoy', 0, 0, 1, 0, 0, 'c41d4a72-6919-4e32-97ef-a4b0f1acb281'),
(543, 1, 3, 7, 150, '01150', 'Tumblestone Knight', 2, NULL, '2015-07-09 10:43:54', '2015-08-24 13:57:08', 1, NULL, NULL, NULL, NULL, 3, 2, 'House Tully. Knight.', 'Riverrun is situated at the end of the point of land where the Tumblestone flows into the Red Fork of the Trident.', 'Jonathan Standing', 0, 0, 1, 0, 1, '2f7543c1-5127-4e01-ac3c-2fb1d7b8202e'),
(544, 1, 3, 7, 151, '01151', 'Vanguard of the North', 4, 'No attachments.\nWhile a player has a <i>War</i> plot revealed, Vanguard of the North does not kneel when declared as an attacker in a [military] challenge.', '2015-07-09 10:43:54', '2015-08-24 13:57:08', 1, NULL, NULL, NULL, NULL, 3, 4, 'Army.', NULL, 'Tomasz Jedruszek', 0, 0, 1, 0, 0, '59e0df28-01d8-4637-ab4b-073d4113774b'),
(545, 1, 3, 7, 152, '01152', 'Winterfell Steward', 1, '<b>Marshaling Action:</b> Kneel Winterfell Steward to reduce the cost of the next [stark] character you marshal this phase by 1.', '2015-07-09 10:43:54', '2015-08-24 13:57:08', 1, NULL, NULL, NULL, NULL, 3, 1, 'Ally. Steward.', NULL, 'Chris Metcalf', 0, 0, 0, 0, 1, 'ea996816-e75f-4c13-ac0f-97b96818b220'),
(546, 1, 5, 7, 154, '01154', 'Gates of Winterfell', 2, '<b>Challenges Action:</b> Kneel Gates of Winterfell to reveal the top card of your deck. If it is a [stark] card, draw it.', '2015-07-09 10:43:54', '2015-08-24 13:57:08', 1, NULL, NULL, NULL, NULL, 3, NULL, 'The North. Winterfell.', NULL, 'Mariusz Gandzel', 1, 0, 0, 0, 0, '14fb9ce4-6d48-4c9f-a8d0-5ded218714dc'),
(547, 1, 5, 7, 155, '01155', 'The Wolfswood', 1, 'Each <i>Direwolf</i> card in your hand gains <abbr>ambush</abbr> (X). X is that card''s printed cost.', '2015-07-09 10:43:54', '2015-08-24 13:57:08', 1, NULL, NULL, NULL, NULL, 3, NULL, 'The North.', NULL, 'Juan Carlos Barquet', 1, 0, 0, 0, 0, 'b32f6c14-5fe1-4e6b-90c3-efe63aac7ee7'),
(548, 1, 5, 7, 156, '01156', 'Heart Tree Grove', 0, '<abbr>Limited</abbr>.\n<b>Marshaling Action:</b> Kneel Heart Tree Grove to reduce the cost of the next [stark] card you marshal this phase by 1.', '2015-07-09 10:43:54', '2015-08-24 13:57:08', 2, NULL, NULL, NULL, NULL, 3, NULL, 'Old Gods. Winterfell.', NULL, 'Bill Thompson', 0, 0, 0, 0, 0, '5f5c0380-034b-4fa0-9da5-9c53b098baed'),
(549, 1, 4, 7, 157, '01157', 'For the North!', 0, 'Play during a [military] challenge.\n<b>Action:</b> Choose a participating [stark] character. Until the end of the challenge, that character gets +2 STR. If you win the challenge, draw 1 card.', '2015-07-09 10:43:54', '2015-08-24 13:57:08', 1, NULL, NULL, NULL, NULL, 3, NULL, NULL, NULL, 'Tomasz Jedruszek', 0, 0, 0, 0, 0, '764fd244-f0f0-4b61-a435-9cf73ef074ce'),
(550, 1, 4, 7, 158, '01158', 'Like Warm Rain', 1, '<b>Reaction:</b> After you lose an [intrigue] challenge as the defending player, kneel a <i>Direwolf</i> character to choose and kill an attacking character. (Max 1 per challenge.)', '2015-07-09 10:43:54', '2015-08-24 13:57:08', 1, NULL, NULL, NULL, NULL, 3, NULL, NULL, 'His blood felt like warm rain as it sprayed across her face.', 'Rafal Hrynkiewicz', 0, 0, 0, 0, 0, 'ef7d8bdf-1c56-4895-be9a-7a3ed059dcd3'),
(551, 1, 3, 8, 160, '01160', 'Daenerys Targaryen', 7, '<abbr>Insight</abbr>.\nWhile Daenerys Targaryen is standing, each character participating on an opponent''s side in a challenge against you gets -1 STR.', '2015-07-09 10:43:54', '2015-08-24 13:57:08', 1, NULL, NULL, NULL, NULL, 3, 5, 'Lady. Stormborn.', '"I am Daenerys, Stormborn of House Targaryen, the Unburnt, Mother of Dragons, khaleesi to Drogo''s riders, and queen of the Seven Kingdoms of Westeros."', 'Jacob Murray', 1, 1, 0, 1, 1, 'a2f21413-0272-47dc-a197-e364aa942d4c'),
(552, 1, 3, 8, 161, '01161', 'Drogon', 3, 'No attachments.\nEach <i>Stormborn</i> character you control gains <abbr>renown</abbr>.', '2015-07-09 10:43:54', '2015-08-24 13:57:08', 1, NULL, NULL, NULL, NULL, 3, 4, 'Dragon. Hatchling.', NULL, 'Jacob Murray', 1, 0, 1, 0, 0, '46679e36-a9ce-4e35-ab32-41a6bb88e266'),
(553, 1, 3, 8, 162, '01162', 'Khal Drogo', 6, '<abbr>Renown</abbr>.\nYou may initiate an additional [military] challenge during the challenges phase.', '2015-07-09 10:43:54', '2015-08-24 13:57:08', 1, NULL, NULL, NULL, NULL, 3, 5, 'Dothraki. Lord.', '"When Dothraki are defeated in combat, they cut off their braids in disgrace, so the world will know their shame. Khal Drogo has never lost a fight." <cite>Viserys Targaryen</cite>', 'Smirtouille', 1, 1, 1, 0, 1, '09903f79-6155-4a63-9b52-e10fb2e69898'),
(554, 1, 3, 8, 164, '01164', 'Rhaegal', 3, 'No attachments.\n<b>Reaction:</b> After you win a challenge in which a <i>Stormborn</i> character you control is participating, choose and stand a <i>Stormborn</i> character. (Limit once per phase.)', '2015-07-09 10:43:54', '2015-08-24 13:57:08', 1, NULL, NULL, NULL, NULL, 3, 3, 'Dragon. Hatchling.', NULL, 'Jacob Murray', 1, 0, 1, 1, 0, 'ac263d0d-d7db-49e7-bdc4-2e131d95aad4'),
(555, 1, 3, 8, 165, '01165', 'Ser Jorah Mormont', 2, '<abbr>Renown</abbr>.\nIf Ser Jorah Mormont has 3 or more betrayal tokens on him, sacrifice him.\n<b>Forced Reaction:</b> After you win a challenge in which Ser Jorah Mormont is participating, place 1 betrayal token on him.', '2015-07-09 10:43:54', '2015-08-24 13:57:08', 1, NULL, NULL, NULL, NULL, 3, 4, 'Companion. Knight.', NULL, 'Aaron Riley', 1, 0, 1, 1, 0, '1de2665b-53be-4e48-8c5c-42f93fdf40a3'),
(556, 1, 3, 8, 166, '01166', 'Viserion', 2, 'No attachments.\nEach <i>Stormborn</i> character you control gains <abbr>stealth</abbr>.', '2015-07-09 10:43:54', '2015-08-24 13:57:08', 1, NULL, NULL, NULL, NULL, 3, 2, 'Dragon. Hatchling.', NULL, 'Jacob Murray', 1, 0, 1, 0, 1, '4819b269-173d-4335-8248-99f0cb4b80a2'),
(557, 1, 3, 8, 167, '01167', 'Viserys Targaryen', 1, '<b>Interrupt:</b> When Viserys Targaryen leaves play, choose an attachment, and discard it from play.', '2015-07-09 10:43:54', '2015-08-24 13:57:08', 1, NULL, NULL, NULL, NULL, 3, 1, 'Lord.', '"When they write the history of my reign, sweet sister, they will say it began tonight."', 'Sebastian Giacobino', 1, 1, 0, 0, 1, '6580b898-de89-4a6d-89b4-72cfc3b505e6'),
(558, 1, 3, 8, 169, '01169', 'Handmaiden', 2, '<b>Action:</b> Sacrifice Handmaiden to choose and stand a <i>Lady</i> character.', '2015-07-09 10:43:54', '2015-08-24 13:57:08', 1, NULL, NULL, NULL, NULL, 3, 1, 'Ally. Companion.', 'Her handmaids had helped her ready herself for the ceremony. Despite the tender mother''s stomach that had afflicted her these past two moons, Dany had dined on bowls of half-clotted blood to accustom herself to the taste, and Irri made her chew strips of dried horseflesh until her jaws were aching.', 'Katherine Dinger', 0, 0, 0, 1, 1, 'a575226f-fba6-4d79-bdf7-e5a0c2e0d192'),
(559, 1, 3, 8, 171, '01171', 'Unsullied', 4, 'No attachments except <i>Weapon</i>.\nWhile Unsullied is attacking, each defending character gets -1 STR.', '2015-07-09 10:43:54', '2015-08-24 13:57:08', 1, NULL, NULL, NULL, NULL, 3, 3, 'Army.', NULL, 'Tomasz Jedruszek', 0, 0, 1, 0, 1, 'c8012b39-41e9-4276-a83d-149206ea958a'),
(560, 1, 2, 8, 172, '01172', 'Drogo''s Arakh', 2, 'Dothraki character only.\nAttached character gets +2 STR.\nIf attached character is Khal Drogo, he does not kneel when declared as an attacker in the first [military] challenge you initiate each round.', '2015-07-09 10:43:54', '2015-08-24 13:57:08', 1, NULL, NULL, NULL, NULL, 3, NULL, 'Weapon.', NULL, 'J.B. Casacop', 1, 0, 0, 0, 0, '99a12a9c-6e83-43bd-8947-0cc47ffcd02a'),
(561, 1, 5, 8, 173, '01173', 'Plaza of Punishment', 3, '<b>Reaction:</b> After you win a [power] challenge, kneel Plaza of Punishment to choose a character without attachements. Until the end of the phase, that character gets -2 STR and is killed if its STR is 0.', '2015-07-09 10:43:54', '2015-08-24 13:57:08', 1, NULL, NULL, NULL, NULL, 3, NULL, 'Astapor.', NULL, 'Tomasz Jedruszek', 1, 1, 0, 0, 0, '06803230-d3a4-46f7-935a-1a7314839b9e'),
(562, 1, 5, 8, 174, '01174', 'Dothraki Sea', 1, '<b>Reaction:</b> After you win a [power] challenge, sacrifice Dothraki Sea to put a <i>Dothraki</i> character into play from your hand. At the end of the phase, if that card is still in play, return it to your hand (cannot be saved).', '2015-07-09 10:43:54', '2015-08-24 13:57:08', 1, NULL, NULL, NULL, NULL, 3, NULL, 'Essos.', NULL, 'Eric Wilkerson', 1, 0, 0, 0, 0, '1916c9ad-78da-42c7-9d22-8f059438dadc'),
(563, 1, 4, 8, 176, '01176', 'Dracarys!', 1, '<b>Action:</b> Kneel a <i>Dragon</i> character or Daenerys Targaryen to choose a participating character. Until the end of the phase, that character gets -4 STR and is killed if its STR is 0.', '2015-07-09 10:43:54', '2015-08-24 13:57:08', 1, NULL, NULL, NULL, NULL, 3, NULL, NULL, NULL, 'Jacob Murray', 0, 1, 0, 0, 0, 'aae782b7-cd97-4818-b56a-d1dafe6f80de'),
(564, 1, 4, 8, 177, '01177', 'Fire and Blood', 1, '<b>Challenges Action:</b> Choose a unique [targaryen] character in your dead pile, and shuffle it back into your deck. If that character is a <i>Hatchling</i>, you may put it into play instead.', '2015-07-09 10:43:54', '2015-08-24 13:57:08', 1, NULL, NULL, NULL, NULL, 3, NULL, NULL, NULL, 'Michael Komarck', 0, 1, 0, 0, 0, '06a715e0-f26c-4894-8610-63353d73e0fd'),
(565, 1, 4, 8, 178, '01178', 'Waking the Dragon', 0, '<b>Action:</b> Choose and stand a unique [targaryen] character you control. At the end of the phase, if that character is still in play, return it to your hand.', '2015-07-09 10:43:54', '2015-08-24 13:57:08', 1, NULL, NULL, NULL, NULL, 3, NULL, NULL, NULL, 'Sebastian Giacobino', 0, 0, 0, 0, 0, '393fb603-c449-4043-a73f-21c4b47be039'),
(566, 1, 3, 9, 181, '01181', 'Margaery Tyrell', 3, '<b>Challenges Action:</b> Kneel Margaery Tyrell to choose a character. Until the end of the phase, that character gets +3 STR.', '2015-07-09 10:43:54', '2015-08-24 13:57:08', 1, NULL, NULL, NULL, NULL, 3, 3, 'Lady.', '"I know what a burden you bear. You should let me share the load. There must be some things I could do to help you."', 'Jean Tay', 1, 0, 0, 1, 1, '9e0df853-1c6d-4be2-b799-fe69524a6057'),
(567, 1, 3, 9, 183, '01183', 'Randyll Tarly', 6, '<abbr>Renown</abbr>.\n<b>Reaction:</b> After Randyll Tarly''s STR is increased by a card effect, stand him. (Limit twice per phase.)', '2015-07-09 10:43:54', '2015-08-24 13:57:08', 1, NULL, NULL, NULL, NULL, 3, 5, 'House Tarly. Lord.', NULL, 'Joshua Cairós', 1, 0, 1, 0, 1, 'dd950122-b92e-4d6b-b1f4-d8a3f623a99a');
INSERT IGNORE INTO `card` (`id`, `pack_id`, `type_id`, `faction_id`, `position`, `code`, `name`, `cost`, `text`, `date_creation`, `date_update`, `quantity`, `income`, `claim`, `initiative`, `reserve`, `deck_limit`, `strength`, `traits`, `flavor`, `illustrator`, `is_unique`, `is_loyal`, `is_military`, `is_intrigue`, `is_power`, `octgnid`) VALUES
(568, 1, 3, 9, 185, '01185', 'The Knight of Flowers', 5, '<abbr>Renown</abbr>.\nWhile The Knight of Flowers is attacking alone, the defending player cannot declare more than 1 character as a defender.', '2015-07-09 10:43:54', '2015-08-24 13:57:08', 1, NULL, NULL, NULL, NULL, 3, 5, 'Knight. Lord.', NULL, 'Michael Komarck', 1, 0, 1, 0, 1, 'dfb7512e-0d80-4dff-8fdf-4807d93ba159'),
(569, 1, 3, 9, 186, '01186', 'The Queen of Thorns', 7, '<b>Reaction:</b> After you win an [intrigue] challenge in which The Queen of Thorns is participating, put a [tyrell] character with printed cost 6 or lower into play from your hand.', '2015-07-09 10:43:54', '2015-08-24 13:57:08', 1, NULL, NULL, NULL, NULL, 3, 5, 'Lady.', '"All men are fools, if truth be told, but the ones in motley are more amusing than ones with crowns."', 'Diego Gisbert Llorens', 1, 1, 0, 1, 1, '0b5ca49f-5270-4b9f-84d4-391b59a2d4bc'),
(570, 1, 3, 9, 189, '01189', 'Olenna''s Informant', 3, '<abbr>Ambush</abbr> (4).\n<b>Reaction:</b> After Olenna''s Informant enters play during a challenges phase, name a challenge type. You may initiate an additional challenge of that type this phase.', '2015-07-09 10:43:54', '2015-08-24 13:57:08', 1, NULL, NULL, NULL, NULL, 3, 2, 'Ally. Spy.', NULL, 'Mariana Vieira', 0, 0, 0, 1, 1, 'e1278811-db3b-4097-9f7c-54d9bab37f91'),
(571, 1, 4, 9, 197, '01197', '"The Bear and the Maiden Fair"', 0, '<b>Action:</b> Choose a player. Look at the top 5 cards of that player''s deck. Place up to 3 of those cards on the bottom of that deck, and the others on top, in any order.', '2015-07-09 10:43:54', '2015-08-24 13:57:08', 1, NULL, NULL, NULL, NULL, 3, NULL, 'Song.', 'And off they went, from here to there,\nThe bear, the bear, and the maiden fair.', 'Serena Malyon', 0, 0, 0, 0, 0, '202b37de-c6bf-4c21-93fd-f3cf6bbad04d'),
(572, 1, 1, 1, 198, '01198', 'Banner of the Stag', NULL, 'You may include non-loyal [baratheon] cards in your deck.\nYou must include at least 12 [baratheon] cards in your deck.', '2015-07-09 10:43:54', '2015-08-24 13:57:08', 1, NULL, NULL, NULL, NULL, 1, NULL, 'Banner.', '"I never asked for Dragonstone. I never wanted it." <cite>Stannis Baratheon</cite>', 'David Griffith', 0, 0, 0, 0, 0, 'b67e728b-872d-432a-b16f-0957b41e3afc'),
(573, 1, 1, 1, 199, '01199', 'Banner of the Kraken', NULL, 'You may include non-loyal [greyjoy] cards in your deck.\nYou must include at least 12 [greyjoy] cards in your deck.', '2015-07-09 10:43:54', '2015-08-24 13:57:08', 1, NULL, NULL, NULL, NULL, 1, NULL, 'Banner.', '"Greyjoy demands half the kingdom as the price of alliance, but what will he do to earn it?" <cite>Tywin Lannister</cite>', 'David Griffith', 0, 0, 0, 0, 0, '0da73715-efc3-449c-9030-daa6bf8b20c9'),
(574, 1, 1, 1, 200, '01200', 'Banner of the Lion', NULL, 'You may include non-loyal [lannister] cards in your deck.\nYou must include at least 12 [lannister] cards in your deck.', '2015-07-09 10:43:54', '2015-08-24 13:57:08', 1, NULL, NULL, NULL, NULL, 1, NULL, 'Banner.', NULL, 'David Griffith', 0, 0, 0, 0, 0, 'd68d1f22-cb99-4ad2-b4c6-717bf387c25e'),
(575, 1, 1, 1, 201, '01201', 'Banner of the Sun', NULL, 'You may include non-loyal [martell] cards in your deck.\nYou must include at least 12 [martell] cards in your deck.', '2015-07-09 10:43:54', '2015-08-24 13:57:08', 1, NULL, NULL, NULL, NULL, 1, NULL, 'Banner.', NULL, 'David Griffith', 0, 0, 0, 0, 0, 'a2f47afe-5dba-4508-a6ce-887a386f4762'),
(576, 1, 1, 1, 202, '01202', 'Banner of the Watch', NULL, 'You may include non-loyal [nightswatch] cards in your deck.\nYou must include at least 12 [nightswatch] cards in your deck.', '2015-07-09 10:43:54', '2015-08-24 13:57:08', 1, NULL, NULL, NULL, NULL, 1, NULL, 'Banner.', NULL, 'David Griffith', 0, 0, 0, 0, 0, '89120eb4-3ad4-47ba-ba7c-88c521fb01ac'),
(577, 1, 1, 1, 203, '01203', 'Banner of the Wolf', NULL, 'You may include non-loyal [stark] cards in your deck.\nYou must include at least 12 [stark] cards in your deck.', '2015-07-09 10:43:54', '2015-08-24 13:57:08', 1, NULL, NULL, NULL, NULL, 1, NULL, 'Banner.', NULL, 'David Griffith', 0, 0, 0, 0, 0, '5f47c794-72bf-4aec-b5eb-514a0dff2e3a'),
(578, 1, 1, 1, 204, '01204', 'Banner of the Dragon', NULL, 'You may include non-loyal [targaryen] cards in your deck.\nYou must include at least 12 [targaryen] cards in your deck.', '2015-07-09 10:43:54', '2015-08-24 13:57:08', 1, NULL, NULL, NULL, NULL, 1, NULL, 'Banner.', NULL, 'David Griffith', 0, 0, 0, 0, 0, '32842fc5-6fe2-47cf-86e7-964515f1e16e'),
(579, 1, 1, 1, 205, '01205', 'Banner of the Rose', NULL, 'You may include non-loyal [tyrell] cards in your deck.\nYou must include at least 12 [tyrell] cards in your deck.', '2015-07-09 10:43:54', '2015-08-24 13:57:08', 1, NULL, NULL, NULL, NULL, 1, NULL, 'Banner.', NULL, 'David Griffith', 0, 0, 0, 0, 0, 'b3fd4493-5ee7-4e46-9b3b-4ea3d767198b'),
(580, 1, 7, 1, 206, '01206', 'Master of Whispers', NULL, 'Supported by Master of Ships\nSupports: Hand of the King\nRivals: Master of Laws, Master of Coin\nYou may resolve your [intrigue] claim against any number of opponents of your choice.\n+1 STR [intrigue]', '2015-07-09 10:43:54', '2015-08-24 13:57:08', 1, NULL, NULL, NULL, NULL, 1, NULL, NULL, '"There are things I might tell you of that eunuch that would chill your blood." <cite>Grand Maester Pycelle</cite>', 'Mike Capprotti', 0, 0, 0, 0, 0, 'feefb8d0-f4ed-4d27-b272-3b9e9ee11a5d'),
(581, 1, 7, 1, 207, '01207', 'Master of Ships', NULL, 'Supported by Master of Coin\nSupports: Master of Whispers\nRivals: Master of Laws, Hand of the King\nRaise the claim value on your revealed plot card by 1 during [military] challenges in which you are attacking a rival.\n+1 STR [military]', '2015-07-09 10:43:54', '2015-08-24 13:57:08', 1, NULL, NULL, NULL, NULL, 1, NULL, NULL, '"He is well suited to the office. He has spent half his life on ships." <cite>Cersei Lannister</cite>', 'Ben Zweifel', 0, 0, 0, 0, 0, '3c734e0d-d625-4553-9cf5-74051311eef5'),
(582, 1, 7, 1, 208, '01208', 'Hand of the King', NULL, 'Supported by Master of Whispers.\nSupports: Master of Laws.\nRivals: Master of Coin, Master of Ships.\nYou may initiate an additional [power] challenge during the challenges phase, against a different opponent.\n+1 STR [power]', '2015-07-09 10:43:54', '2015-08-24 13:57:08', 1, NULL, NULL, NULL, NULL, 1, NULL, NULL, 'The Hand of the King was the second-most powerful man in the Seven Kingdoms.', 'Sara Biddle', 0, 0, 0, 0, 0, 'f91c60a9-d506-45f3-b5de-3a51e23279d3'),
(583, 1, 7, 1, 209, '01209', 'Master of Coin', NULL, 'Supported by Master of Laws.\nSupports: Master of Ships\nRivals: Hand of the King, Master of Whispers\n+2 Income', '2015-07-09 10:43:54', '2015-08-24 13:57:08', 1, NULL, NULL, NULL, NULL, 1, NULL, NULL, 'Within three years of his coming to court, he was master of coin and a member of the small council, and today the crown''s revenues were ten times what they had been under his beleaguered predecessor… though the crown''s debt had grown vast as well.', 'Chris Pritchard', 0, 0, 0, 0, 0, 'cb3a2844-1aa5-494c-9536-87b4b9bd4562'),
(584, 1, 7, 1, 210, '01210', 'Master of Laws', NULL, 'Supported by Hand of the King\nSupports: Master of Coin\nRivals: Master of Whispers, Master of Ships\nIncrease the number of cards you draw in the draw phase by 1.\n+1 Reserve', '2015-07-09 10:43:54', '2015-08-24 13:57:08', 1, NULL, NULL, NULL, NULL, 1, NULL, NULL, '"Stannis is still the rightful heir by all the laws of the Seven Kingdoms." <cite>Ser Davos Seaworth</cite>', 'Yoann Boissonnet', 0, 0, 0, 0, 0, '0ba59f59-b08c-4e8e-ab23-b5cf9e77d176'),
(585, 1, 7, 1, 211, '01211', 'Crown Regent', NULL, 'Supported by None\nSupports: None\nRivals: None\nYou may redirect 1 challenge this round.\n+2 STR for Dominance', '2015-07-09 10:43:54', '2015-08-24 13:57:08', 1, NULL, NULL, NULL, NULL, 1, NULL, NULL, '"The Hand serves," the young knight informed him airily. "The regent rules until the king is of age." <cite>Ser Lancel Lannister</cite>', 'Tomasz Jedruszek', 0, 0, 0, 0, 0, '3b088db8-adeb-4728-9eb9-6817455da6dc'),
(586, 1, 2, 1, 33, '01033', 'Bodyguard', 1, '<i>Lord</i> or <i>Lady</i> character only.\n<b>Interrupt:</b> When attached character would be killed or discarded from play, sacrifice Bodyguard to save that character.', '2015-07-13 14:53:05', '2015-08-24 13:57:08', 1, NULL, NULL, NULL, NULL, 3, NULL, 'Condition.', NULL, 'J. Edwin Stevens', 0, 0, 0, 0, 0, 'f5173e6f-1ec3-4ee0-8274-755160c57c0e'),
(587, 1, 3, 3, 66, '01066', 'Alannys Greyjoy', 3, 'While you are the first player, reduce the reserve value on each opponent''s revealed plot card by 1.', '2015-07-13 14:53:05', '2015-08-24 13:57:08', 1, NULL, NULL, NULL, NULL, 3, 2, 'House Harlaw. Lady.', 'Alannys never had the sort of beauty the singers cherished, but her daughter had loved her fierce strong face and the laughter in her eyes.', 'Henning Ludvigsen', 1, 0, 0, 1, 1, '42cbd594-edb9-48cc-8f34-cb63be4bbc47'),
(588, 1, 3, 3, 71, '01071', 'Theon Greyjoy', 4, '<abbr>Stealth</abbr>.\n<b>Reaction:</b> After you win an unopposed challenge in which Theon Greyjoy is participating, he gains 1 power.', '2015-07-13 14:53:05', '2015-08-24 13:57:08', 1, NULL, NULL, NULL, NULL, 3, 3, 'Ally. Ironborn. Lord.', '"Only a fool humbles himself when the world is so full of men eager to do that job for him."', 'Aaron Riley', 1, 0, 1, 0, 1, '9a29f7bb-baa9-4475-8e35-55b845618822'),
(589, 1, 5, 4, 99, '01099', 'Western Fiefdom', 0, '<abbr>Limited</abbr>.\n<b>Marshaling Action:</b> Kneel Western Fiefdom to reduce the cost of the next [lannister] card you marshal this phase by 1.', '2015-07-16 07:04:37', '2015-08-24 13:57:08', 2, NULL, NULL, NULL, NULL, 3, NULL, 'The Westerlands.', NULL, 'Andrew Hall', 0, 0, 0, 0, 0, '35c97ac8-de68-4de7-a2a8-f18dbf139041'),
(590, 1, 4, 4, 102, '01102', 'Treachery', 1, 'Play only if you control a unique [lannister] character.\n<b>Interrupt:</b> When the effects of a triggered character, location, or attachment ability initiate, cancel those effects.', '2015-07-16 07:04:37', '2015-08-24 13:57:08', 1, NULL, NULL, NULL, NULL, 3, NULL, NULL, NULL, 'Gabrielle Portal', 0, 0, 0, 0, 0, '3fbc7d75-3d0b-49df-8841-c92566a8c6d3'),
(591, 1, 3, 5, 109, '01109', 'The Red Viper', 7, '<b>Reaction:</b> After you win a challenge in which The Red Viper is participating as an attacker, he gains 1 power for every 5 STR by which you won the challenge.', '2015-07-16 07:04:37', '2015-08-24 13:57:08', 1, NULL, NULL, NULL, NULL, 3, 7, 'Lord.', '"Oberyn was ever the viper. Deadly, dangerous, unpredictable. No man dared tread on him." <cite>Doran Martell</cite>', 'Smirtouille', 1, 1, 1, 1, 1, '73a43b0f-8337-4e71-96b7-9553d5d57ddf'),
(592, 1, 5, 5, 116, '01116', 'Ghaston Grey', 2, '<b>Reaction:</b> After you lose a challenge as the defending player, kneel and sacrifice Ghaston Grey to return an attacking character to its owner''s hand (cannot be saved).', '2015-07-16 07:04:37', '2015-08-24 13:57:08', 1, NULL, NULL, NULL, NULL, 3, NULL, 'Dorne.', NULL, 'Ignacio Bazán Lazcano', 1, 1, 0, 0, 0, '982acc7e-86c0-4bdd-84da-3b05e53dffa1'),
(593, 1, 5, 5, 117, '01117', 'Sunspear', 2, '<b>Reaction:</b> After you lose a challenge as the defending player, kneel Sunspear to raise the claim value on your revealed plot card by 1 during challenges of this same type until the end of the phase.', '2015-07-16 07:04:37', '2015-08-24 13:57:08', 1, NULL, NULL, NULL, NULL, 3, NULL, 'Dorne.', NULL, 'Yoann Boissonnet', 1, 0, 0, 0, 0, 'f2772a6e-2ed4-4fb9-8699-5497aee496e3'),
(594, 1, 4, 5, 119, '01119', 'Doran''s Game', 1, '<b>Reaction:</b> After you win an [intrigue] challenge by 5 or more STR, gain X power for your faction. X is the number of plot cards in your used pile. (Max 1 per challenge.)', '2015-07-16 07:04:37', '2015-08-24 13:57:08', 1, NULL, NULL, NULL, NULL, 3, NULL, NULL, NULL, 'Jean Tay', 0, 1, 0, 0, 0, '427a5213-1be5-4b36-94be-04a5b3486575'),
(595, 1, 4, 7, 159, '01159', 'Winter Is Coming', 1, 'Play only during a challenge.\n<b>Action:</b> Until the end of the challenge, raise the claim value on your revealed plot card by 1. (Max 1 per challenge.)', '2015-07-16 07:04:37', '2015-08-24 13:57:08', 1, NULL, NULL, NULL, NULL, 3, NULL, NULL, NULL, 'Linda Bergkvist', 0, 1, 0, 0, 0, '18f549b8-eda2-4a40-8196-d952f5a4874f'),
(596, 1, 6, 1, 7, '01007', 'Calling the Banners', NULL, '<b>When Revealed:</b> Choose an opponent. Gain 1 gold for each character that player controls.', '2015-08-10 08:43:30', '2015-08-13 10:10:52', 1, 3, 1, 6, 6, 2, NULL, 'Kingdom.', NULL, 'Jason Engle', 0, 0, 0, 0, 0, '3a3577a4-5ee1-4e9f-a674-49e9f9e81568'),
(597, 1, 6, 1, 15, '01015', 'Marched to the Wall', NULL, '<b>When Revealed:</b> Each player chooses a character he or she controls (if able), and discards it from play (cannot be saved).', '2015-08-10 08:43:30', '2015-08-13 10:10:52', 1, 4, 1, 8, 5, 2, NULL, 'Edict.', NULL, 'Eva Maria Toker', 0, 0, 0, 0, 0, 'a9f2fccd-11f3-4562-aa5a-76d606712311'),
(598, 1, 6, 1, 23, '01023', 'Supporting the Faith', NULL, '<b>Forced Reaction:</b> After the challenges phase begins, each player returns all gold in his or her gold pool to the treasury.', '2015-08-10 08:43:30', '2015-08-13 10:10:52', 1, 6, 1, 2, 4, 2, NULL, 'Edict. The Seven.', NULL, 'Gabrielle Portal', 0, 0, 0, 0, 0, '88b8405e-ba7b-435f-a4ed-1349e770d19b'),
(599, 1, 3, 1, 30, '01030', 'Rattleshirt''s Raiders', 4, 'No attachments.\n<b>Reaction:</b> After you win a challenge in which Rattleshirt''s Raiders is participating as an attacker, choose an attachment controlled by the losing opponent, and discard it from play.', '2015-08-10 08:43:30', '2015-08-24 13:57:08', 2, NULL, NULL, NULL, NULL, 3, 3, 'Raider. Wildling.', NULL, 'Dennis McElroy', 0, 0, 1, 0, 0, 'be9304f2-bb5d-4d19-8fbe-4efb6ee24f29'),
(600, 1, 3, 1, 31, '01031', 'Wildling Horde', 5, 'No attachments. <abbr>Pillage</abbr>.\n<b>Challenges Action:</b> Kneel your faction card to choose a participating Wildling character you control. Until the end of the challenge, that character gets +2 STR.', '2015-08-10 08:43:30', '2015-08-24 13:57:08', 2, NULL, NULL, NULL, NULL, 3, 5, 'Army. Wildling.', NULL, 'Ryan Barger', 0, 0, 1, 0, 1, '21dda206-536e-4944-8158-b3d174e2b872'),
(601, 1, 2, 1, 32, '01032', 'Seal of the Hand', 3, '<i>Lord</i> or <i>Lady</i> character only.\n<b>Action:</b> Kneel Seal of the Hand to stand attached character.', '2015-08-10 08:43:30', '2015-08-24 13:57:08', 1, NULL, NULL, NULL, NULL, 3, NULL, 'Item.', 'The king eats, they say, and the Hand takes the shit." <cite>Robert Baratheon</cite>', 'Mauro Dal Bo', 1, 0, 0, 0, 0, 'f97ccf1a-5b0d-490f-9968-78330e92171c'),
(602, 1, 2, 1, 36, '01036', 'Noble Lineage', 0, 'Attached character gains a [power] icon.', '2015-08-10 08:43:30', '2015-08-24 13:57:08', 1, NULL, NULL, NULL, NULL, 3, NULL, 'Condition.', 'What had Jon Arryn wanted with a king''s bastard, and why was it worth his life?', 'J.B. Casacop', 0, 0, 0, 0, 0, '08ddc660-54d3-4e5e-8dee-516cd66ff1c9'),
(603, 1, 4, 1, 41, '01041', 'Put to the Sword', 2, '<b>Reaction:</b> After you win a [military] challenge by 5 or more STR as the attacking player, choose and kill a character controlled by the losing opponent. (Max 1 per challenge.)', '2015-08-10 08:43:30', '2015-08-24 13:57:08', 1, NULL, NULL, NULL, NULL, 3, NULL, NULL, NULL, 'Allan Bednar', 0, 0, 0, 0, 0, '38dd5d15-7214-4c68-9cc4-0d2abd1b2140'),
(604, 1, 4, 1, 42, '01042', 'Put to the Torch', 1, '<b>Reaction:</b> After you win a [military] challenge by 5 or more STR as the attacking player, choose a location controlled by the losing opponent, and discard it from play. (Max 1 per challenge.)', '2015-08-10 08:43:30', '2015-08-24 13:57:08', 2, NULL, NULL, NULL, NULL, 3, NULL, NULL, NULL, 'Katherine Dinger', 0, 0, 0, 0, 0, '997f1584-7092-4895-ac40-fc9fd98891bc'),
(605, 1, 4, 1, 44, '01044', 'Tears of Lys', 1, '<b>Reaction:</b> After you win an [intrigue] challenge as the attacking player, place a poison token on a character without an [intrigue] icon controlled by the losing opponent. At the end of the phase, if that character still has the poison token, remove it and kill that character. (Max 1 per challenge.)', '2015-08-10 08:43:30', '2015-08-24 13:57:08', 1, NULL, NULL, NULL, NULL, 3, NULL, 'Poison.', NULL, 'Mike Capprotti', 0, 0, 0, 0, 0, 'b29c7bb5-7b84-4e94-a30b-8332fad51c2a'),
(606, 1, 4, 1, 45, '01045', 'The Hand''s Judgment', NULL, '<b>Interrupt:</b> When the effects of an opponent''s event would initiate, cancel those effects. X is that event''s printed cost.', '2015-08-10 08:43:30', '2015-08-24 13:57:08', 1, NULL, NULL, NULL, NULL, 3, NULL, NULL, NULL, 'Tiziano Baracchi', 0, 0, 0, 0, 0, 'c5d78fb6-ff52-4012-ac95-547ed9feec0f'),
(607, 1, 3, 2, 50, '01050', 'Ser Davos Seaworth', 4, '<abbr>Stealth</abbr>.\n<b>Interrupt:</b> When Ser Davos Seaworth is killed, return him to your hand instead of placing him in your dead pile.', '2015-08-10 08:43:30', '2015-08-24 13:57:08', 1, NULL, NULL, NULL, NULL, 3, 3, 'Knight. Smuggler.', '"King Stannis is my god. He made me and blessed me with his trust."', 'Thomas Denmark', 1, 0, 1, 0, 1, '813fb666-b32f-4ae9-b2ac-3fe09adccf9a'),
(608, 1, 3, 2, 51, '01051', 'Shireen Baratheon', 2, '<b>Interrupt:</b> When Shireen Baratheon is killed, choose and kneel a character.', '2015-08-10 08:43:30', '2015-08-24 13:57:08', 1, NULL, NULL, NULL, NULL, 3, 1, 'Lady.', '"The grey death sleeps, only to wake again. The child is not clean!” <cite>Val</cite>', 'Sara Biddle', 1, 0, 0, 0, 1, '6967fd81-f9f9-4077-8d5a-c9ca189a5e41'),
(609, 1, 3, 2, 53, '01053', 'Bastard in Hiding', 2, NULL, '2015-08-10 08:43:30', '2015-08-24 13:57:08', 1, NULL, NULL, NULL, NULL, 3, 2, 'Bastard.', '"The seed is strong, he told me. His last words. He kept saying Robert''s name, and he grabbed my arm so hard he left marks. Tell them, the seed is strong." <cite>Lysa Arryn</cite>', 'Ryan Barger', 0, 0, 1, 0, 1, 'fb6e5fba-19c5-4827-8477-851e0559219b'),
(610, 1, 3, 2, 55, '01055', 'King''s Hunting Party', 4, 'No attachments.\nWhile an opponent controls a King character, King''s Hunting Party gains an [intrigue] icon .', '2015-08-10 08:43:30', '2015-08-24 13:57:08', 1, NULL, NULL, NULL, NULL, 3, 6, 'Army.', '“Three of my men were cut down like dogs not a league from where we sit, and what does Robert do? He goes hunting." <cite>Eddard Stark</cite>', 'Thomas Denmark', 0, 0, 1, 0, 0, '38fd117a-dd32-4b79-90f9-ef3b01cac956'),
(611, 1, 3, 2, 56, '01056', 'Dragonstone Faithful', 1, '<b>Marshaling Action:</b> Kneel Dragonstone Faithful to reduce the cost of the next [baratheon] character you marshal this phase by 1.', '2015-08-10 08:43:30', '2015-08-24 13:57:08', 1, NULL, NULL, NULL, NULL, 3, 1, 'Ally.', NULL, 'Mike Capprotti', 0, 0, 0, 0, 1, '2a669f95-cad1-43eb-b7a5-4aac56b411de'),
(612, 1, 3, 2, 57, '01057', 'Vanguard Lancer', 2, '<b>Reaction:</b> After Vanguard Lancer enters play, choose an opponent''s character or faction card, and discard 1 power from that card.', '2015-08-10 08:43:30', '2015-08-24 13:57:08', 1, NULL, NULL, NULL, NULL, 3, 1, 'House Florent. Knight.', NULL, 'Emrah Elmasil', 0, 0, 1, 0, 1, 'b84482ca-cca3-46ee-90dd-22417b0f9879'),
(613, 1, 5, 2, 59, '01059', 'Dragonstone Port', 0, '<abbr>Limited</abbr>.\n<b>Marshaling Action:</b> Kneel Dragonstone Port to reduce the cost of the next [baratheon] card you marshal this phase by 1.', '2015-08-10 08:43:30', '2015-08-24 13:57:08', 2, NULL, NULL, NULL, NULL, 3, NULL, 'Dragonstone.', NULL, 'Tomasz Jedruszek', 0, 0, 0, 0, 0, '1daa814f-c6b8-4dcc-b4f7-169968be4bc5'),
(614, 1, 3, 3, 72, '01072', 'Black Wind''s Crew', 3, '<abbr>Pillage</abbr>.', '2015-08-10 08:43:30', '2015-08-24 13:57:08', 1, NULL, NULL, NULL, NULL, 3, 3, 'Ironborn. Raider.', NULL, 'Tomasz Jedruszek', 0, 0, 1, 0, 1, '4675c354-8fc6-4fbe-bbab-fb9318cce036'),
(615, 1, 3, 3, 73, '01073', 'Drowned Men', 4, 'No attachments.\nDrowned Men gets +1 STR for each <i>Warship</i> location you control.', '2015-08-10 08:43:30', '2015-08-24 13:57:08', 1, NULL, NULL, NULL, NULL, 3, 3, 'Army. Drowned God.', NULL, 'Tomasz Jedruszek', 0, 0, 1, 0, 1, 'cbeb3a37-d4c1-4697-b8d2-e366b4569002'),
(616, 1, 3, 3, 75, '01075', 'Lordsport Shipwright', 2, '<b>Marshaling Action:</b> Kneel Lordsport Shipwright to choose and kneel a location with printed cost 2 or lower. (Printed cost 3 or lower instead if you are the first player.)', '2015-08-10 08:43:30', '2015-08-24 13:57:08', 1, NULL, NULL, NULL, NULL, 3, 1, 'Ally. Ironborn.', NULL, 'Victor Garcia', 0, 0, 0, 1, 0, '23ca65d8-2c23-4d39-8c21-72323af0fc93'),
(617, 1, 3, 3, 76, '01076', 'Salty Navigator', 2, '+1 Initiative.', '2015-08-10 08:43:30', '2015-08-24 13:57:08', 1, NULL, NULL, NULL, NULL, 3, 2, 'Ironborn.', 'No man ever truly knows what he can do unless he dares to leap." <cite>Euron Crow''s Eye</cite>', 'Ryan Barger', 0, 0, 1, 0, 0, 'aea193ad-1ff4-4229-ae98-7911c7c6d8f9'),
(618, 1, 5, 3, 79, '01079', 'Iron Fleet Scout', 0, '<b>Challenges Action:</b> Kneel Iron Fleet Scout to choose a participating [greyjoy] character. Until the end of the challenge, that character gets +1 STR. (+2 STR instead if you are the first player.)', '2015-08-10 08:43:30', '2015-08-24 13:57:08', 1, NULL, NULL, NULL, NULL, 3, NULL, 'Warship.', NULL, 'Tomasz Jedruszek', 0, 0, 0, 0, 0, '6357f740-5434-4d09-957a-87af33f9b57b'),
(619, 1, 5, 3, 80, '01080', 'Sea Tower', 0, '<abbr>Limited</abbr>.\n<b>Marshaling Action:</b> Kneel Sea Tower to reduce the cost of the next [greyjoy] card you marshal this phase by 1.', '2015-08-10 08:43:30', '2015-08-24 13:57:08', 2, NULL, NULL, NULL, NULL, 3, NULL, 'Iron Islands.', NULL, 'Martina Pilcerova', 0, 0, 0, 0, 0, '3bcc0681-2362-4c2a-8e17-e20e23dbda3c'),
(620, 1, 4, 3, 82, '01082', 'The Kraken''s Grasp', 0, 'Play only if you are the first player.\n<b>Challenges Action:</b> Choose a defending character with STR 5 or lower. That character does not contribute is STR to this challenge.', '2015-08-10 08:43:30', '2015-08-24 13:57:08', 1, NULL, NULL, NULL, NULL, 3, NULL, NULL, NULL, 'Tomasz Jedruszek', 0, 1, 0, 0, 0, '80300190-96a8-4fa7-be7f-1a2bea691978'),
(621, 1, 3, 4, 85, '01085', 'Grand Maester Pycelle', 3, '<abbr>Insight</abbr>.', '2015-08-10 08:43:30', '2015-08-24 13:57:08', 1, NULL, NULL, NULL, NULL, 3, 2, 'Maester. Small Council.', '"All I did, I did for House Lannister."', 'Tiziano Baracchi', 1, 1, 0, 1, 1, '66e4dd85-8a1d-4ea1-b3c6-3d3c7069a783'),
(622, 1, 3, 4, 93, '01093', 'Lannisport Moneylender', 2, '<abbr>Limited</abbr>.\n+1 Income.', '2015-08-10 08:43:30', '2015-08-24 13:57:08', 1, NULL, NULL, NULL, NULL, 3, 2, 'Merchant.', NULL, 'Marc Simonetti', 0, 0, 0, 1, 0, 'e36dcefd-9515-4ed5-ac53-7c5513973c72'),
(623, 1, 3, 4, 94, '01094', 'Lannisport Merchant', 1, '<b>Marshaling Action:</b> Kneel Lannisport Merchant to reduce the cost of the next [lannister] character you marshal this phase by 1.', '2015-08-10 08:43:30', '2015-08-24 13:57:08', 1, NULL, NULL, NULL, NULL, 3, 1, 'Ally. Steward.', NULL, 'Dleoblack', 0, 0, 0, 0, 1, 'd2b926e3-2c0a-4575-b144-bf27ced1e5b3'),
(624, 1, 3, 5, 103, '01103', 'Areo Hotah', 3, '<abbr>Ambush</abbr> (5).\n<b>Reaction:</b> After Areo Hotah enters play during a challenge, choose a participating character, and remove it from the challenge.', '2015-08-10 08:43:30', '2015-08-24 13:57:08', 1, NULL, NULL, NULL, NULL, 3, 5, 'Guard.', '"Someone told. Someone always tells."', 'Aaron Riley', 1, 1, 1, 0, 0, '7412a0da-c314-4852-ab1f-04bb163dac39'),
(625, 1, 3, 5, 106, '01106', 'Edric Dayne', 2, '<abbr>Stealth</abbr>.\n<b>Action:</b> Pay 1 gold to give Edric Dayne a challenge icon of your choice until the end of the phase.', '2015-08-10 08:43:30', '2015-08-24 13:57:08', 1, NULL, NULL, NULL, NULL, 3, 1, 'Brotherhood. House Dayne. Lord.', NULL, 'Roman V. Papsuev', 1, 0, 0, 0, 0, 'b32b7ea7-7997-4b02-8b2f-25ad4d1072fa'),
(626, 1, 3, 5, 107, '01107', 'Maester Caleotte', 3, '<b>Reaction:</b> After you lose a challenge in which Maester Caleotte is participating, choose a character. That character loses a challenge icon of your choice until the end of the phase.', '2015-08-10 08:43:30', '2015-08-24 13:57:08', 1, NULL, NULL, NULL, NULL, 3, 2, 'Maester.', NULL, 'Joshua Cairós', 1, 0, 0, 1, 1, '4f58fa4d-7172-4466-86eb-32b2bb91b516'),
(627, 1, 3, 5, 108, '01108', 'Obara Sand', 3, 'Obara Sand may be declared as a defender during [power] challenges in which you are the defending player, even while kneeling.', '2015-08-10 08:43:30', '2015-08-24 13:57:08', 1, NULL, NULL, NULL, NULL, 3, 3, 'Bastard. Sand Snake.', '"Cersei sent us a head. We should send her back a bag of them."', 'Tristan Denecke', 1, 0, 1, 0, 0, 'af50c8d3-6063-4bbc-a812-e74fa821360e'),
(628, 1, 3, 5, 110, '01110', 'Desert Scavenger', 1, '<b>Marshaling Action:</b> Kneel Desert Scavenger to reduce the cost of the next [martell] character you marshal this phase by 1.', '2015-08-10 08:43:30', '2015-08-24 13:57:08', 1, NULL, NULL, NULL, NULL, 3, 1, 'Ally.', NULL, 'Carlo Bocchio', 0, 0, 0, 0, 1, 'c549499d-6a95-460a-a075-c4592d2f768f'),
(629, 1, 3, 5, 112, '01112', 'Greenblood Trader', 2, '<b>Reaction:</b> After Greenblood Trader enters play, look at the top 2 cards of your deck. Add up to 1 of those cards to your hand, and place the others on the bottom of your deck in any order.', '2015-08-10 08:43:30', '2015-08-24 13:57:08', 1, NULL, NULL, NULL, NULL, 3, 1, 'Ally.', NULL, 'Drazenka Kimpel', 0, 1, 0, 1, 0, 'e0abbec3-188e-4cc1-8a86-5142a47367cd'),
(630, 1, 3, 5, 113, '01113', 'House Dayne Knight', 2, NULL, '2015-08-10 08:43:30', '2015-08-24 13:57:08', 1, NULL, NULL, NULL, NULL, 3, 2, 'House Dayne. Knight.', 'They came astride red horses and golden ones and a few as pale as snow...', 'Mariana Vieira', 0, 0, 1, 1, 0, '7f066373-ab06-4601-943f-3fcd0e7eabf3'),
(631, 1, 3, 5, 114, '01114', 'Palace Spearman', 4, 'No attachments.\nWhile you are not the first player, Palace Spearman gains an [intrigue] icon.', '2015-08-10 08:43:30', '2015-08-24 13:57:08', 1, NULL, NULL, NULL, NULL, 3, 4, 'Guard.', NULL, 'Slawomir Maniak', 0, 0, 1, 0, 1, '8e5687ab-2605-49d1-9af9-785dc32dc07b'),
(632, 1, 5, 5, 118, '01118', 'Blood Orange Grove', 0, '<abbr>Limited</abbr>.\n<b>Marshaling Action:</b> Kneel Blood Orange Grove to reduce the cost of the next [martell] card you marshal this phase by 1.', '2015-08-10 08:43:30', '2015-08-24 13:57:08', 2, NULL, NULL, NULL, NULL, 3, NULL, 'Dorne.', NULL, 'Sergey Glushakov', 0, 0, 0, 0, 0, '6b6df968-1810-4e4d-b739-9256caac008b'),
(633, 1, 4, 5, 121, '01121', 'Confinement', 1, '<b>Action:</b> Choose a character with STR 4 or lower. Until the end of the phase, that character loses a [military], an [intrigue], and a [power] icon.', '2015-08-10 08:43:30', '2015-08-24 13:57:08', 1, NULL, NULL, NULL, NULL, 3, NULL, NULL, NULL, 'Katherine Dinger', 0, 0, 0, 0, 0, '9aafaad7-3f74-4aff-ba0c-bf19e5de0bdf'),
(634, 1, 3, 6, 128, '01128', 'Ser Waymar Royce', 3, 'No attachments except <i>Weapon</i>.\n<b>Interrupt:</b> When Ser Waymar Royce is killed, discard 1 card at random from each opponent''s hand.', '2015-08-10 08:43:30', '2015-08-24 13:57:08', 1, NULL, NULL, NULL, NULL, 3, 3, 'Knight. Ranger.', '"Do the dead frighten you?"', 'Davis Engel', 1, 0, 1, 0, 1, 'e65c6d16-075b-4634-a490-a200bb75e3be'),
(635, 1, 3, 6, 132, '01132', 'Ranging Party', 4, 'No attachments except <i>Weapon</i>.', '2015-08-10 08:43:30', '2015-08-24 13:57:08', 1, NULL, NULL, NULL, NULL, 3, 5, 'Army. Ranger.', 'We have a long ride before us. Eight days, maybe nine. And night is falling." <cite>Gared of the Night''s Watch</cite>', 'Tomasz Jedruszek', 0, 0, 1, 0, 1, '3f0dae8c-c75b-486f-a70c-5dd4bf8883d2'),
(636, 1, 3, 6, 133, '01133', 'Steward at the Wall', 1, '<b>Marshaling Action:</b> Kneel Steward at the Wall to reduce the cost of the next [nightswatch] character you marshal this phase by 1.', '2015-08-10 08:43:30', '2015-08-24 13:57:08', 1, NULL, NULL, NULL, NULL, 3, 1, 'Ally. Steward.', '"We hunt and farm, tend the horses, milk the cows, gather firewood, cook the meals. Who do you think makes your clothing? Who brings up supplies from the south? The stewards." <cite>Chett</cite>', 'Tiziano Baracchi', 0, 0, 0, 1, 0, '420b7dab-f35c-4a07-bdbf-fe1c027bfecd'),
(637, 1, 2, 7, 153, '01153', 'Ice', 3, '[stark] character only. \nAttached character gets +2 STR.\n<b>Reaction:</b> After you win a [military] challenge in which attached character is participating, sacrifice Ice to choose and kill a character controlled by the losing opponent.', '2015-08-10 08:43:30', '2015-08-24 13:57:08', 1, NULL, NULL, NULL, NULL, 3, NULL, 'Valyrian Steel. Weapon.', NULL, 'Michael Komarck', 1, 1, 0, 0, 0, 'e6059d34-2c23-41a1-a1c2-f299dee662e7'),
(638, 1, 3, 8, 163, '01163', 'Magister Illyrio', 5, '<b>Action:</b> Pay 2 gold to choose and stand a character. (Limit once per phase.)', '2015-08-10 08:43:30', '2015-08-24 13:57:08', 1, NULL, NULL, NULL, NULL, 3, 4, 'Lord. Merchant.', '"Illyrio believes in no cause but Illyrio. Gluttons are greedy men as a rule, and magisters are devious. Illyrio Mopatis is both."', 'Sebastian Ciaffaglione', 1, 0, 0, 1, 1, 'f5f343ea-a561-415b-adfd-9afdd65820c2'),
(639, 1, 3, 8, 168, '01168', 'Braided Warrior', 2, 'No attachments except <i>Weapon</i>.', '2015-08-10 08:43:30', '2015-08-24 13:57:08', 1, NULL, NULL, NULL, NULL, 3, 3, 'Dothraki.', 'Among the Dothraki, the man who does not ride was no man at all, the lowest of the low, without honor or pride.', 'Niten', 0, 0, 1, 0, 0, '7177a6da-3afb-4218-be7e-4ca9c03c2157'),
(640, 1, 3, 8, 170, '01170', 'Targaryen Loyalist', 1, '<b>Marshaling Action:</b> Kneel Targaryen Loyalist to reduce the cost of the next [targaryen] character you marshal this phase by 1.', '2015-08-10 08:43:30', '2015-08-24 13:57:08', 1, NULL, NULL, NULL, NULL, 3, 1, 'Ally.', '"In holdfasts all across the realm, men lift secret toasts to your health while women sew dragon banners and hide them against the day of your return from across the water." <cite>Illyrio Mopatis</cite>', 'Tommy Arnold', 0, 0, 0, 0, 1, '0e2c6c02-c6c7-4273-825f-1d03b24998a2'),
(641, 1, 5, 8, 175, '01175', 'Illyrio''s Estate', 0, '<abbr>Limited</abbr>.\n<b>Marshaling Action:</b> Kneel Illyrio''s Estate to reduce the cost of the next [targaryen] card you marshal this phase by 1.', '2015-08-10 08:43:30', '2015-08-24 13:57:08', 2, NULL, NULL, NULL, NULL, 3, NULL, 'Pentos.', NULL, 'Mariusz Gandzel', 0, 0, 0, 0, 0, 'bc9a511e-9f90-4b4f-892e-e8ad46103da9'),
(642, 1, 3, 9, 179, '01179', 'Left', 2, 'No attachments except <i>Weapon</i>.\nWhile you control Right, Left gets +1 STR, gains a [power] icon, and does not kneel when declared as a defender.', '2015-08-10 08:43:30', '2015-08-24 13:57:08', 1, NULL, NULL, NULL, NULL, 3, 2, 'Guard.', NULL, 'Diego Gisbert Llorens', 1, 0, 1, 0, 0, '597acd7c-3424-4e8c-82e6-d6682d662c8c'),
(643, 1, 3, 9, 180, '01180', 'Maester Lomys', 3, '<b>Reaction:</b> After you win an [intrigue] challenge as the defending player, discard 1 card at random from the attacking player''s hand.', '2015-08-10 08:43:30', '2015-08-24 13:57:08', 1, NULL, NULL, NULL, NULL, 3, 3, 'Maester.', NULL, 'Cory R. Turner', 1, 0, 0, 1, 0, '54111e34-4bec-4415-a562-fbd3f1ebbb77'),
(644, 1, 3, 9, 182, '01182', 'Paxter Redwyne', 4, 'Reduce the cost of the first event you play each round by 1.\n+1 Income.', '2015-08-10 08:43:30', '2015-08-24 13:57:08', 1, NULL, NULL, NULL, NULL, 3, 3, 'House Redwyne. Lord.', NULL, 'Lukasz Jaskolski', 1, 1, 0, 1, 0, '12bc6cd7-39f0-44b7-9492-101d8083c468'),
(645, 1, 3, 9, 184, '01184', 'Right', 2, 'No attachments except <i>Weapon</i>.\nWhile you control Left, Right gets +1 STR, gains an [intrigue] icon, and does not kneel when declared as a defender.', '2015-08-10 08:43:30', '2015-08-24 13:57:08', 1, NULL, NULL, NULL, NULL, 3, 2, 'Guard.', NULL, 'Diego Gisbert Llorens', 1, 0, 1, 0, 0, 'a5512893-cf5c-4e54-a8a7-87114492a50b'),
(646, 1, 3, 9, 187, '01187', 'Courtesan of the Rose', 2, NULL, '2015-08-10 08:43:30', '2015-08-24 13:57:08', 1, NULL, NULL, NULL, NULL, 3, 2, 'Companion. Spy.', 'The war had not touched the fabled bounty of Highgarden.', 'Katherine Dinger', 0, 0, 0, 1, 1, '9236001e-f82d-4a77-ad16-ccd48a7bd1dd'),
(647, 1, 3, 9, 188, '01188', 'Garden Caretaker', 1, '<b>Marshaling Action:</b> Kneel Garden Caretaker to reduce the cost of the next [tyrell] character you marshal this phase by 1.', '2015-08-10 08:43:30', '2015-08-24 13:57:08', 1, NULL, NULL, NULL, NULL, 3, 1, 'Ally.', NULL, 'Nicole Cardiff', 0, 0, 0, 0, 1, '8192ab17-f699-45b9-931b-e0933dbc01eb'),
(648, 1, 3, 9, 190, '01190', 'Wardens of the Reach', 4, 'No attachments.\nWardens of the Reach gets +1 STR for each <i>The Reach</i> location you control.', '2015-08-10 08:43:30', '2015-08-24 13:57:08', 1, NULL, NULL, NULL, NULL, 3, 3, 'Army.', NULL, 'Tomasz Jedruszek', 0, 0, 1, 0, 1, '3e1a5952-f5d1-4bca-9226-2b94531cfa54'),
(649, 1, 2, 9, 191, '01191', 'Heartsbane', 1, '[tyrell] character only.\n<b>Action:</b> While attached character is participating in a challenge, kneel Heartsbane to give that character +3 STR until the end of the challenge.', '2015-08-10 08:43:30', '2015-08-24 13:57:08', 1, NULL, NULL, NULL, NULL, 3, NULL, 'Valyrian Steel. Weapon.', NULL, 'Sara Biddle', 1, 0, 0, 0, 0, '4c8a114e-106c-4460-846b-28f73914fc11'),
(650, 1, 5, 9, 192, '01192', 'Highgarden', 3, '<b>Challenges Action:</b> Kneel Highgarden and pay 1 gold to choose an attacking character. Stand that character and remove it from the challenge.', '2015-08-10 08:43:30', '2015-08-24 13:57:08', 1, NULL, NULL, NULL, NULL, 3, NULL, 'Stronghold. The Reach.', NULL, 'Juan Carlos Barquet', 1, 1, 0, 0, 0, '15ae647f-bc30-4cca-aeed-bb675c8096c7'),
(651, 1, 5, 9, 193, '01193', 'The Mander', 3, '<b>Reaction:</b> After you win a challenge by 5 or more STR, kneel The Mander to draw 2 cards.', '2015-08-10 08:43:30', '2015-08-24 13:57:08', 1, NULL, NULL, NULL, NULL, 3, NULL, 'The Reach.', NULL, 'Franz Miklis', 1, 1, 0, 0, 0, 'bf44916f-cc99-4f0a-87f0-b529a426df7b'),
(652, 1, 5, 9, 194, '01194', 'Rose Garden', 0, '<abbr>Limited</abbr>.\n<b>Marshaling Action:</b> Kneel Rose Garden to reduce the cost of the next [tyrell] card you marshal this phase by 1.', '2015-08-10 08:43:30', '2015-08-24 13:57:08', 2, NULL, NULL, NULL, NULL, 3, NULL, 'The Reach.', NULL, 'Franz Miklis', 0, 0, 0, 0, 0, '8f0e7f8b-d08c-4c89-972a-ad765a27a061'),
(653, 1, 4, 9, 195, '01195', 'Growing Strong', 1, '<b>Challenges Action:</b> Choose up to three [tyrell] characters. Until the end of the phase, each of the chosen characters gets +2 STR.', '2015-08-10 08:43:30', '2015-08-24 13:57:08', 1, NULL, NULL, NULL, NULL, 3, NULL, NULL, NULL, 'Logan Feliciano', 0, 0, 0, 0, 0, '92d9670d-d842-4c6c-990c-e1e5cb05759d'),
(654, 1, 4, 9, 196, '01196', 'Olenna''s Cunning', 2, '<b>Reaction:</b> After you win an [intrigue] or [power] challenge, the losing opponent names a cardtype (character, location, attachment, or event). Search your deck for a card with a different cardtype, reveal it, and add it to your hand. Shuffle your deck.', '2015-08-10 08:43:30', '2015-08-24 13:57:08', 1, NULL, NULL, NULL, NULL, 3, NULL, NULL, NULL, 'Thomas Denmark', 0, 1, 0, 0, 0, '3fd0054d-0a3c-4ab9-9ea5-96b0a1ac4628'),
(655, 2, 3, 6, 1, '02001', 'Will', 4, '<abbr>Stealth</abbr>. <abbr>Insight</abbr>.\n<b>Forced Reaction:</b> After you lose an unopposed challenge, sacrifice a <i>Ranger</i> character you control.', '2015-10-27 12:45:35', '2015-11-16 11:55:09', 3, NULL, NULL, NULL, NULL, 3, 3, 'Ranger.', '"My mother told me that dead men sing no songs."', 'Joshua Cairós', 1, 1, 1, 1, 0, '84c07bae-1e90-433f-a31d-00479f13342c'),
(656, 2, 4, 6, 2, '02002', 'The Watch Has Need', 1, '<b>Action:</b> Name a trait: <i>Builder</i>, <i>Ranger</i>, or <i>Steward</i>. Search the top X cards of your deck for any number of characters with that trait, reveal them, and add them to your hand. Shuffle the other cards back into your deck. X is your reserve value.', '2015-10-27 12:45:35', '2015-11-16 11:55:09', 3, NULL, NULL, NULL, NULL, 3, NULL, NULL, NULL, 'Mauricio Calle', 0, 0, 0, 0, 0, '0fcc5481-0631-4e82-a3c4-cca7535241bd'),
(657, 2, 3, 2, 7, '02007', 'Renly Baratheon', 6, 'Reduce the cost of the first non-[baratheon] character you marshal each round by 1.', '2015-10-27 12:45:35', '2015-11-16 11:55:09', 3, NULL, NULL, NULL, NULL, 3, 4, 'Lord. Small Council.', '"If you cannot keep the King''s peace, Janos, perhaps the City Watch should be commanded by someone who can."', 'Jan-Wah Li', 1, 0, 1, 1, 1, 'b9e548d6-49df-4a34-b84d-22f92ec101c4'),
(658, 2, 2, 2, 8, '02008', 'King Robert''s Warhammer', 2, 'Attached character gets +1 STR.\n<b>Reaction:</b> After you win a challenge in which attached character is participating as an attacker, choose and kneel up to X total STR worth of characters, where X is attached character''s STR. The, sacrifice King Robert''s Warhammer.', '2015-10-27 12:45:35', '2015-11-16 11:55:09', 3, NULL, NULL, NULL, NULL, 3, NULL, 'Weapon.', NULL, 'Victor Manuel Leza Moreno', 1, 0, 0, 0, 0, '8c6f2e35-5a68-4057-8905-fe74afc5cda1'),
(659, 2, 3, 4, 9, '02009', 'The Hound', 3, 'Ambush (4).\n<b>Forced Reaction:</b> After you win a challenge in which The Hound is participating, you may discard 1 card at random from your hand. If you do not, return The Hound to your hand.', '2015-10-27 12:45:35', '2015-11-16 11:55:09', 3, NULL, NULL, NULL, NULL, 3, 6, 'House Clegane.', NULL, 'Joshua Cairós', 1, 0, 1, 0, 1, '200bd056-3e5d-4ed6-a337-ea2667618605'),
(660, 2, 5, 4, 10, '02010', 'Cersei''s Wheelhouse', 1, '<b>Reaction:</b> After you become the first player, either: gain 1 gold, or draw 1 card.\n&minus;1 Initiative.', '2015-10-27 12:45:35', '2015-11-16 11:55:09', 3, NULL, NULL, NULL, NULL, 3, NULL, 'Vehicle.', NULL, 'Federico Musetti', 1, 1, 0, 0, 0, '53d1c773-0f71-429c-a94e-6473d2e5a100'),
(661, 2, 5, 3, 11, '02011', 'The Seastone Chair', 1, '<b>Interrupt:</b> When claim is applied for an unopposed [military] challenge in which you are the attacking player, kneel your faction card to choose a character without attachments, controlled by the losing opponent. Instead of the normal claim effects, kill that character.', '2015-10-27 12:45:35', '2015-11-16 11:55:09', 3, NULL, NULL, NULL, NULL, 3, NULL, 'Iron Islands.', NULL, 'Logan Feliciano', 0, 1, 0, 0, 0, 'daadbc76-f34e-4b92-bac6-837d4b55ed0a'),
(662, 2, 4, 1, 17, '02017', 'Support of the People', 1, '<b>Reaction:</b> After you win a [power] challenge by 5 or more STR, search your deck for a location with printed cost 3 or lower, and put it into play. Shuffle your deck. (Max 1 per challenge.)', '2015-10-27 12:45:35', '2015-11-16 11:55:09', 3, NULL, NULL, NULL, NULL, 3, NULL, NULL, NULL, 'Glen Osterberger', 0, 0, 0, 0, 0, '8f9f0932-a151-4fcb-b1ed-f82a806c82c6'),
(663, 2, 5, 1, 18, '02018', 'Street of the Sisters', 1, '<b>Reaction:</b> After you win a [power] challenge by 5 or more STR, kneel your faction card to gain 1 power for your faction.', '2015-10-27 12:45:35', '2015-11-16 11:55:09', 3, NULL, NULL, NULL, NULL, 3, NULL, 'King''s Landing.', NULL, 'Matthew Cowdery', 0, 0, 0, 0, 0, '3ade8418-4ab8-45e4-9b6a-615ed12682ba'),
(664, 2, 3, 7, 3, '02003', 'Maester Luwin', 3, 'While you control:\n- Robb Stark, he gains <abbr>insight</abbr>.\n- Jon Snow, he gains <abbr>stealth</abbr>.\n- Bran Stark, he gains: "immune to opponents'' plot effects."\n- Rickon Stark, he gains <abbr>pillage</abbr>.', '2015-11-10 11:15:03', '2015-11-16 11:55:09', 3, NULL, NULL, NULL, NULL, 3, 2, 'Maester.', NULL, 'Joshua Cairós', 1, 0, 0, 1, 1, 'a1532c17-62ab-49b2-b5f3-cbb5f2d5d590'),
(665, 2, 2, 7, 4, '02004', 'Lady', 1, '[stark] character only. <abbr>Terminal</abbr>.\nAttached character gets +2 STR.\n<b>Action:</b> Pay 1 gold to attach Lady to a different character. Then, if attached character is Sansa Stark, stand her. (Limit once per phase.)', '2015-11-10 11:15:03', '2015-11-16 11:55:09', 3, NULL, NULL, NULL, NULL, 3, NULL, 'Direwolf.', NULL, 'Smirtouille', 1, 0, 0, 0, 0, 'd4827a8a-6403-4d47-bb47-813073b78b49'),
(666, 2, 3, 9, 5, '02005', 'Arbor Knight', 2, '<b>Challenges Action:</b> Pay 1 gold to choose a participating <i>House Redwyne</i> character. Until the end of the challenge, that character gets +1 STR. (Limit 3 times per phase.)', '2015-11-10 11:15:03', '2015-11-16 11:55:09', 3, NULL, NULL, NULL, NULL, 3, 1, 'House Redwyne. Knight.', NULL, 'Carlos Palma Cruchaga', 0, 0, 1, 1, 0, '2ee7a645-7d26-42f2-9440-ceb82ea818e2'),
(667, 2, 5, 9, 6, '02006', 'Pleasure Barge', 0, 'Immune to card effects.\n<b>Reaction:</b> After you marshal Pleasure Barge, if you have not yet drawn any cards this phase, draw 3 cards.\n-1 Income.', '2015-11-10 11:15:03', '2015-11-16 11:55:09', 3, NULL, NULL, NULL, NULL, 3, NULL, 'Barge.', NULL, 'Sergey Glushakov', 0, 1, 0, 0, 0, '8f2b58df-649e-4793-bd4c-bbf701cd57c5'),
(668, 2, 6, 3, 12, '02012', 'Rise of the Kraken', NULL, '<b>Interrupt:</b> When you gain power for winning an unopposed challenge, gain 2 power instead.', '2015-11-10 11:15:03', '2015-11-16 11:55:09', 3, 2, 2, 8, 5, 1, NULL, 'War.', NULL, 'Tomasz Jedruszek', 0, 1, 0, 0, 0, 'd991ea90-2741-4516-b0ad-33a5c3d6dc28'),
(669, 2, 3, 8, 13, '02013', 'Merchant Prince', 3, 'While Merchant Prince has an attachment, he gets +1 STR and gains a [military] icon.', '2015-11-10 11:15:03', '2015-11-16 11:55:09', 3, NULL, NULL, NULL, NULL, 3, 3, 'Companion.', 'At first the magisters and archons and merchant princes were pleased to welcome the last Targaryens to their homes and tables…', 'Dleoblack', 0, 0, 0, 1, 0, 'f176a119-9fa1-465f-91d4-53ebe6cb65ac'),
(670, 2, 5, 8, 14, '02014', 'Vaes Dothrak', 1, '<b>Reaction:</b> After you reveal a plot card, discard an attachment from your hand to choose an attachment with equal or lower printed cost, and discard it from play.', '2015-11-10 11:15:03', '2015-11-16 11:55:09', 3, NULL, NULL, NULL, NULL, 3, NULL, 'Essos.', '…it was forbidden to carry a blade in Vaes Dothrak, or to shed a free man''s blood.', 'Matthew Cowdery', 1, 1, 0, 0, 0, '5f0c6f78-4af1-45c4-be89-5d7bc5014b5a'),
(671, 2, 3, 5, 15, '02015', 'Bastard Daughter', 2, '<b>Interrupt:</b> When Bastard Daughter or The Red Viper is killed, discard 1 card at random from each opponent''s hand.', '2015-11-10 11:15:03', '2015-11-16 11:55:09', 3, NULL, NULL, NULL, NULL, 3, 1, 'Bastard. Sand Snake.', NULL, 'Tawny Fritzinger', 0, 0, 1, 0, 0, 'fcba07e6-a15f-46d8-821c-8a14a4983284'),
(672, 2, 6, 5, 16, '02016', 'The Long Plan', NULL, 'You do not return unspent gold to the treasury during the taxation phase.\n<b>Reaction:</b> After you lose a challenge, gain 1 gold.', '2015-11-10 11:15:03', '2015-11-16 11:55:09', 3, 4, 1, 3, 8, 1, NULL, 'Scheme.', NULL, 'Tim Durning', 0, 1, 0, 0, 0, '06b34127-fbb3-4d9c-94e2-bf00001a2b09'),
(673, 2, 6, 1, 19, '02019', 'Muster the Realm', NULL, 'During a challenge in which you control an attacking <i>Army</i> character, raise the claim value on Muster the Realm by 1.', '2015-11-10 11:15:03', '2015-12-09 15:23:16', 3, 4, 1, 5, 6, 2, NULL, 'Edict.', NULL, 'Jon Bosco', 0, 0, 0, 0, 0, 'ffedc660-c11b-4324-8938-31a3911c2a58'),
(674, 2, 6, 1, 20, '02020', 'Here to Serve', NULL, '<b>When Revealed:</b> Search your deck for a <i>Maester</i> character with printed cost 3 or lower, and put into play. Shuffle your deck.', '2015-11-10 11:15:03', '2015-12-09 15:22:48', 3, 3, 1, 3, 6, 2, NULL, 'Conclave. Kingdom.', NULL, 'Nikolas Hagialas', 0, 0, 0, 0, 0, 'f68a9d16-dea2-4eae-a03f-8fbc48e2c85c');

INSERT IGNORE INTO `cycle` (`id`, `code`, `name`, `position`, `is_box`, `date_creation`, `date_update`) VALUES
(1, 'core', 'Core Set', 1, 1, '2015-06-29 14:49:21', '2015-07-06 18:17:07'),
(2, 'westeros', 'Westeros Cycle', 2, 0, '2015-08-10 08:49:47', '2015-08-10 08:49:47');

INSERT IGNORE INTO `faction` (`id`, `code`, `name`, `is_primary`, `octgnid`) VALUES
(1, 'neutral', 'Neutral', 0, NULL),
(2, 'baratheon', 'House Baratheon', 1, 'a8c94f92-2b17-4a78-bf0f-4411838b9826'),
(3, 'greyjoy', 'House Greyjoy', 1, '0eb74218-f78e-43ed-898f-a9175883a437'),
(4, 'lannister', 'House Lannister', 1, 'a48612c4-cf38-44c6-94af-d1470a48ebed'),
(5, 'martell', 'House Martell', 1, 'fd2a37d8-a528-456e-a0de-33846469b1ea'),
(6, 'nightswatch', 'The Night''s Watch', 1, '44538ee5-b015-4522-b709-c2658c49c65b'),
(7, 'stark', 'House Stark', 1, '8e8d97bb-fc50-4830-86b9-a09c64308641'),
(8, 'targaryen', 'House Targaryen', 1, 'fc822b99-e4df-49f4-beb2-a0e082f224bf'),
(9, 'tyrell', 'House Tyrell', 1, '20ee6436-b13e-478e-a52e-fd222637ce95');

INSERT IGNORE INTO `pack` (`id`, `cycle_id`, `code`, `name`, `position`, `size`, `date_creation`, `date_update`, `date_release`) VALUES
(1, 1, 'core', 'Core Set', 1, 211, '2015-06-29 15:01:46', '2015-10-10 13:24:08', '2015-10-08'),
(2, 2, 'TtB', 'Taking the Black', 1, 20, '2015-08-10 08:50:53', '2015-12-09 15:24:51', '2015-12-09'),
(3, 2, 'TRtW', 'The Road to Winterfell', 2, 20, '2015-08-10 08:51:13', '2015-10-27 11:44:14', NULL),
(4, 2, 'TKP', 'The King’s Peace', 3, 20, '2015-09-08 08:04:27', '2015-10-27 11:44:33', NULL),
(5, 2, 'NMG', 'No Middle Ground', 4, 20, '2015-09-29 08:06:25', '2015-10-27 11:44:36', NULL);

INSERT IGNORE INTO `type` (`id`, `code`, `name`) VALUES
(1, 'agenda', 'Agenda'),
(2, 'attachment', 'Attachment'),
(3, 'character', 'Character'),
(4, 'event', 'Event'),
(5, 'location', 'Location'),
(6, 'plot', 'Plot'),
(7, 'title', 'Title');
SET FOREIGN_KEY_CHECKS=1;
COMMIT;

/*!40101 SET CHARACTER_SET_CLIENT=@OLD_CHARACTER_SET_CLIENT */;
/*!40101 SET CHARACTER_SET_RESULTS=@OLD_CHARACTER_SET_RESULTS */;
/*!40101 SET COLLATION_CONNECTION=@OLD_COLLATION_CONNECTION */;
